username,password
thread1,pw1
thread2,pw2
thread3,pw3
thread4,pw4
thread5,pw5
thread6,pw6
thread7,pw7
thread8,pw8
thread9,pw9
thread10,pw10
thread11,pw11
thread12,pw12
thread13,pw13
thread14,pw14
thread15,pw15
thread16,pw16
thread17,pw17
thread18,pw18
thread19,pw19
thread20,pw20
thread21,pw21
thread22,pw22
thread23,pw23
thread24,pw24
thread25,pw25
thread26,pw26
thread27,pw27
thread28,pw28
thread29,pw29
thread30,pw30
thread31,pw31
thread32,pw32
thread33,pw33
thread34,pw34
thread35,pw35
thread36,pw36
thread37,pw37
thread38,pw38
thread39,pw39
thread40,pw40
thread41,pw41
thread42,pw42
thread43,pw43
thread44,pw44
thread45,pw45
thread46,pw46
thread47,pw47
thread48,pw48
thread49,pw49
thread50,pw50
thread51,pw51
thread52,pw52
thread53,pw53
thread54,pw54
thread55,pw55
thread56,pw56
thread57,pw57
thread58,pw58
thread59,pw59
thread60,pw60
thread61,pw61
thread62,pw62
thread63,pw63
thread64,pw64
thread65,pw65
thread66,pw66
thread67,pw67
thread68,pw68
thread69,pw69
thread70,pw70
thread71,pw71
thread72,pw72
thread73,pw73
thread74,pw74
thread75,pw75
thread76,pw76
thread77,pw77
thread78,pw78
thread79,pw79
thread80,pw80
thread81,pw81
thread82,pw82
thread83,pw83
thread84,pw84
thread85,pw85
thread86,pw86
thread87,pw87
thread88,pw88
thread89,pw89
thread90,pw90
thread91,pw91
thread92,pw92
thread93,pw93
thread94,pw94
thread95,pw95
thread96,pw96
thread97,pw97
thread98,pw98
thread99,pw99
thread100,pw100
thread101,pw101
thread102,pw102
thread103,pw103
thread104,pw104
thread105,pw105
thread106,pw106
thread107,pw107
thread108,pw108
thread109,pw109
thread110,pw110
thread111,pw111
thread112,pw112
thread113,pw113
thread114,pw114
thread115,pw115
thread116,pw116
thread117,pw117
thread118,pw118
thread119,pw119
thread120,pw120
thread121,pw121
thread122,pw122
thread123,pw123
thread124,pw124
thread125,pw125
thread126,pw126
thread127,pw127
thread128,pw128
thread129,pw129
thread130,pw130
thread131,pw131
thread132,pw132
thread133,pw133
thread134,pw134
thread135,pw135
thread136,pw136
thread137,pw137
thread138,pw138
thread139,pw139
thread140,pw140
thread141,pw141
thread142,pw142
thread143,pw143
thread144,pw144
thread145,pw145
thread146,pw146
thread147,pw147
thread148,pw148
thread149,pw149
thread150,pw150
thread151,pw151
thread152,pw152
thread153,pw153
thread154,pw154
thread155,pw155
thread156,pw156
thread157,pw157
thread158,pw158
thread159,pw159
thread160,pw160
thread161,pw161
thread162,pw162
thread163,pw163
thread164,pw164
thread165,pw165
thread166,pw166
thread167,pw167
thread168,pw168
thread169,pw169
thread170,pw170
thread171,pw171
thread172,pw172
thread173,pw173
thread174,pw174
thread175,pw175
thread176,pw176
thread177,pw177
thread178,pw178
thread179,pw179
thread180,pw180
thread181,pw181
thread182,pw182
thread183,pw183
thread184,pw184
thread185,pw185
thread186,pw186
thread187,pw187
thread188,pw188
thread189,pw189
thread190,pw190
thread191,pw191
thread192,pw192
thread193,pw193
thread194,pw194
thread195,pw195
thread196,pw196
thread197,pw197
thread198,pw198
thread199,pw199
thread200,pw200
thread201,pw201
thread202,pw202
thread203,pw203
thread204,pw204
thread205,pw205
thread206,pw206
thread207,pw207
thread208,pw208
thread209,pw209
thread210,pw210
thread211,pw211
thread212,pw212
thread213,pw213
thread214,pw214
thread215,pw215
thread216,pw216
thread217,pw217
thread218,pw218
thread219,pw219
thread220,pw220
thread221,pw221
thread222,pw222
thread223,pw223
thread224,pw224
thread225,pw225
thread226,pw226
thread227,pw227
thread228,pw228
thread229,pw229
thread230,pw230
thread231,pw231
thread232,pw232
thread233,pw233
thread234,pw234
thread235,pw235
thread236,pw236
thread237,pw237
thread238,pw238
thread239,pw239
thread240,pw240
thread241,pw241
thread242,pw242
thread243,pw243
thread244,pw244
thread245,pw245
thread246,pw246
thread247,pw247
thread248,pw248
thread249,pw249
thread250,pw250
thread251,pw251
thread252,pw252
thread253,pw253
thread254,pw254
thread255,pw255
thread256,pw256
thread257,pw257
thread258,pw258
thread259,pw259
thread260,pw260
thread261,pw261
thread262,pw262
thread263,pw263
thread264,pw264
thread265,pw265
thread266,pw266
thread267,pw267
thread268,pw268
thread269,pw269
thread270,pw270
thread271,pw271
thread272,pw272
thread273,pw273
thread274,pw274
thread275,pw275
thread276,pw276
thread277,pw277
thread278,pw278
thread279,pw279
thread280,pw280
thread281,pw281
thread282,pw282
thread283,pw283
thread284,pw284
thread285,pw285
thread286,pw286
thread287,pw287
thread288,pw288
thread289,pw289
thread290,pw290
thread291,pw291
thread292,pw292
thread293,pw293
thread294,pw294
thread295,pw295
thread296,pw296
thread297,pw297
thread298,pw298
thread299,pw299
thread300,pw300
thread301,pw301
thread302,pw302
thread303,pw303
thread304,pw304
thread305,pw305
thread306,pw306
thread307,pw307
thread308,pw308
thread309,pw309
thread310,pw310
thread311,pw311
thread312,pw312
thread313,pw313
thread314,pw314
thread315,pw315
thread316,pw316
thread317,pw317
thread318,pw318
thread319,pw319
thread320,pw320
thread321,pw321
thread322,pw322
thread323,pw323
thread324,pw324
thread325,pw325
thread326,pw326
thread327,pw327
thread328,pw328
thread329,pw329
thread330,pw330
thread331,pw331
thread332,pw332
thread333,pw333
thread334,pw334
thread335,pw335
thread336,pw336
thread337,pw337
thread338,pw338
thread339,pw339
thread340,pw340
thread341,pw341
thread342,pw342
thread343,pw343
thread344,pw344
thread345,pw345
thread346,pw346
thread347,pw347
thread348,pw348
thread349,pw349
thread350,pw350
thread351,pw351
thread352,pw352
thread353,pw353
thread354,pw354
thread355,pw355
thread356,pw356
thread357,pw357
thread358,pw358
thread359,pw359
thread360,pw360
thread361,pw361
thread362,pw362
thread363,pw363
thread364,pw364
thread365,pw365
thread366,pw366
thread367,pw367
thread368,pw368
thread369,pw369
thread370,pw370
thread371,pw371
thread372,pw372
thread373,pw373
thread374,pw374
thread375,pw375
thread376,pw376
thread377,pw377
thread378,pw378
thread379,pw379
thread380,pw380
thread381,pw381
thread382,pw382
thread383,pw383
thread384,pw384
thread385,pw385
thread386,pw386
thread387,pw387
thread388,pw388
thread389,pw389
thread390,pw390
thread391,pw391
thread392,pw392
thread393,pw393
thread394,pw394
thread395,pw395
thread396,pw396
thread397,pw397
thread398,pw398
thread399,pw399
thread400,pw400
thread401,pw401
thread402,pw402
thread403,pw403
thread404,pw404
thread405,pw405
thread406,pw406
thread407,pw407
thread408,pw408
thread409,pw409
thread410,pw410
thread411,pw411
thread412,pw412
thread413,pw413
thread414,pw414
thread415,pw415
thread416,pw416
thread417,pw417
thread418,pw418
thread419,pw419
thread420,pw420
thread421,pw421
thread422,pw422
thread423,pw423
thread424,pw424
thread425,pw425
thread426,pw426
thread427,pw427
thread428,pw428
thread429,pw429
thread430,pw430
thread431,pw431
thread432,pw432
thread433,pw433
thread434,pw434
thread435,pw435
thread436,pw436
thread437,pw437
thread438,pw438
thread439,pw439
thread440,pw440
thread441,pw441
thread442,pw442
thread443,pw443
thread444,pw444
thread445,pw445
thread446,pw446
thread447,pw447
thread448,pw448
thread449,pw449
thread450,pw450
thread451,pw451
thread452,pw452
thread453,pw453
thread454,pw454
thread455,pw455
thread456,pw456
thread457,pw457
thread458,pw458
thread459,pw459
thread460,pw460
thread461,pw461
thread462,pw462
thread463,pw463
thread464,pw464
thread465,pw465
thread466,pw466
thread467,pw467
thread468,pw468
thread469,pw469
thread470,pw470
thread471,pw471
thread472,pw472
thread473,pw473
thread474,pw474
thread475,pw475
thread476,pw476
thread477,pw477
thread478,pw478
thread479,pw479
thread480,pw480
thread481,pw481
thread482,pw482
thread483,pw483
thread484,pw484
thread485,pw485
thread486,pw486
thread487,pw487
thread488,pw488
thread489,pw489
thread490,pw490
thread491,pw491
thread492,pw492
thread493,pw493
thread494,pw494
thread495,pw495
thread496,pw496
thread497,pw497
thread498,pw498
thread499,pw499
thread500,pw500
thread501,pw501
thread502,pw502
thread503,pw503
thread504,pw504
thread505,pw505
thread506,pw506
thread507,pw507
thread508,pw508
thread509,pw509
thread510,pw510
thread511,pw511
thread512,pw512
thread513,pw513
thread514,pw514
thread515,pw515
thread516,pw516
thread517,pw517
thread518,pw518
thread519,pw519
thread520,pw520
thread521,pw521
thread522,pw522
thread523,pw523
thread524,pw524
thread525,pw525
thread526,pw526
thread527,pw527
thread528,pw528
thread529,pw529
thread530,pw530
thread531,pw531
thread532,pw532
thread533,pw533
thread534,pw534
thread535,pw535
thread536,pw536
thread537,pw537
thread538,pw538
thread539,pw539
thread540,pw540
thread541,pw541
thread542,pw542
thread543,pw543
thread544,pw544
thread545,pw545
thread546,pw546
thread547,pw547
thread548,pw548
thread549,pw549
thread550,pw550
thread551,pw551
thread552,pw552
thread553,pw553
thread554,pw554
thread555,pw555
thread556,pw556
thread557,pw557
thread558,pw558
thread559,pw559
thread560,pw560
thread561,pw561
thread562,pw562
thread563,pw563
thread564,pw564
thread565,pw565
thread566,pw566
thread567,pw567
thread568,pw568
thread569,pw569
thread570,pw570
thread571,pw571
thread572,pw572
thread573,pw573
thread574,pw574
thread575,pw575
thread576,pw576
thread577,pw577
thread578,pw578
thread579,pw579
thread580,pw580
thread581,pw581
thread582,pw582
thread583,pw583
thread584,pw584
thread585,pw585
thread586,pw586
thread587,pw587
thread588,pw588
thread589,pw589
thread590,pw590
thread591,pw591
thread592,pw592
thread593,pw593
thread594,pw594
thread595,pw595
thread596,pw596
thread597,pw597
thread598,pw598
thread599,pw599
thread600,pw600
thread601,pw601
thread602,pw602
thread603,pw603
thread604,pw604
thread605,pw605
thread606,pw606
thread607,pw607
thread608,pw608
thread609,pw609
thread610,pw610
thread611,pw611
thread612,pw612
thread613,pw613
thread614,pw614
thread615,pw615
thread616,pw616
thread617,pw617
thread618,pw618
thread619,pw619
thread620,pw620
thread621,pw621
thread622,pw622
thread623,pw623
thread624,pw624
thread625,pw625
thread626,pw626
thread627,pw627
thread628,pw628
thread629,pw629
thread630,pw630
thread631,pw631
thread632,pw632
thread633,pw633
thread634,pw634
thread635,pw635
thread636,pw636
thread637,pw637
thread638,pw638
thread639,pw639
thread640,pw640
thread641,pw641
thread642,pw642
thread643,pw643
thread644,pw644
thread645,pw645
thread646,pw646
thread647,pw647
thread648,pw648
thread649,pw649
thread650,pw650
thread651,pw651
thread652,pw652
thread653,pw653
thread654,pw654
thread655,pw655
thread656,pw656
thread657,pw657
thread658,pw658
thread659,pw659
thread660,pw660
thread661,pw661
thread662,pw662
thread663,pw663
thread664,pw664
thread665,pw665
thread666,pw666
thread667,pw667
thread668,pw668
thread669,pw669
thread670,pw670
thread671,pw671
thread672,pw672
thread673,pw673
thread674,pw674
thread675,pw675
thread676,pw676
thread677,pw677
thread678,pw678
thread679,pw679
thread680,pw680
thread681,pw681
thread682,pw682
thread683,pw683
thread684,pw684
thread685,pw685
thread686,pw686
thread687,pw687
thread688,pw688
thread689,pw689
thread690,pw690
thread691,pw691
thread692,pw692
thread693,pw693
thread694,pw694
thread695,pw695
thread696,pw696
thread697,pw697
thread698,pw698
thread699,pw699
thread700,pw700
thread701,pw701
thread702,pw702
thread703,pw703
thread704,pw704
thread705,pw705
thread706,pw706
thread707,pw707
thread708,pw708
thread709,pw709
thread710,pw710
thread711,pw711
thread712,pw712
thread713,pw713
thread714,pw714
thread715,pw715
thread716,pw716
thread717,pw717
thread718,pw718
thread719,pw719
thread720,pw720
thread721,pw721
thread722,pw722
thread723,pw723
thread724,pw724
thread725,pw725
thread726,pw726
thread727,pw727
thread728,pw728
thread729,pw729
thread730,pw730
thread731,pw731
thread732,pw732
thread733,pw733
thread734,pw734
thread735,pw735
thread736,pw736
thread737,pw737
thread738,pw738
thread739,pw739
thread740,pw740
thread741,pw741
thread742,pw742
thread743,pw743
thread744,pw744
thread745,pw745
thread746,pw746
thread747,pw747
thread748,pw748
thread749,pw749
thread750,pw750
thread751,pw751
thread752,pw752
thread753,pw753
thread754,pw754
thread755,pw755
thread756,pw756
thread757,pw757
thread758,pw758
thread759,pw759
thread760,pw760
thread761,pw761
thread762,pw762
thread763,pw763
thread764,pw764
thread765,pw765
thread766,pw766
thread767,pw767
thread768,pw768
thread769,pw769
thread770,pw770
thread771,pw771
thread772,pw772
thread773,pw773
thread774,pw774
thread775,pw775
thread776,pw776
thread777,pw777
thread778,pw778
thread779,pw779
thread780,pw780
thread781,pw781
thread782,pw782
thread783,pw783
thread784,pw784
thread785,pw785
thread786,pw786
thread787,pw787
thread788,pw788
thread789,pw789
thread790,pw790
thread791,pw791
thread792,pw792
thread793,pw793
thread794,pw794
thread795,pw795
thread796,pw796
thread797,pw797
thread798,pw798
thread799,pw799
thread800,pw800
thread801,pw801
thread802,pw802
thread803,pw803
thread804,pw804
thread805,pw805
thread806,pw806
thread807,pw807
thread808,pw808
thread809,pw809
thread810,pw810
thread811,pw811
thread812,pw812
thread813,pw813
thread814,pw814
thread815,pw815
thread816,pw816
thread817,pw817
thread818,pw818
thread819,pw819
thread820,pw820
thread821,pw821
thread822,pw822
thread823,pw823
thread824,pw824
thread825,pw825
thread826,pw826
thread827,pw827
thread828,pw828
thread829,pw829
thread830,pw830
thread831,pw831
thread832,pw832
thread833,pw833
thread834,pw834
thread835,pw835
thread836,pw836
thread837,pw837
thread838,pw838
thread839,pw839
thread840,pw840
thread841,pw841
thread842,pw842
thread843,pw843
thread844,pw844
thread845,pw845
thread846,pw846
thread847,pw847
thread848,pw848
thread849,pw849
thread850,pw850
thread851,pw851
thread852,pw852
thread853,pw853
thread854,pw854
thread855,pw855
thread856,pw856
thread857,pw857
thread858,pw858
thread859,pw859
thread860,pw860
thread861,pw861
thread862,pw862
thread863,pw863
thread864,pw864
thread865,pw865
thread866,pw866
thread867,pw867
thread868,pw868
thread869,pw869
thread870,pw870
thread871,pw871
thread872,pw872
thread873,pw873
thread874,pw874
thread875,pw875
thread876,pw876
thread877,pw877
thread878,pw878
thread879,pw879
thread880,pw880
thread881,pw881
thread882,pw882
thread883,pw883
thread884,pw884
thread885,pw885
thread886,pw886
thread887,pw887
thread888,pw888
thread889,pw889
thread890,pw890
thread891,pw891
thread892,pw892
thread893,pw893
thread894,pw894
thread895,pw895
thread896,pw896
thread897,pw897
thread898,pw898
thread899,pw899
thread900,pw900
thread901,pw901
thread902,pw902
thread903,pw903
thread904,pw904
thread905,pw905
thread906,pw906
thread907,pw907
thread908,pw908
thread909,pw909
thread910,pw910
thread911,pw911
thread912,pw912
thread913,pw913
thread914,pw914
thread915,pw915
thread916,pw916
thread917,pw917
thread918,pw918
thread919,pw919
thread920,pw920
thread921,pw921
thread922,pw922
thread923,pw923
thread924,pw924
thread925,pw925
thread926,pw926
thread927,pw927
thread928,pw928
thread929,pw929
thread930,pw930
thread931,pw931
thread932,pw932
thread933,pw933
thread934,pw934
thread935,pw935
thread936,pw936
thread937,pw937
thread938,pw938
thread939,pw939
thread940,pw940
thread941,pw941
thread942,pw942
thread943,pw943
thread944,pw944
thread945,pw945
thread946,pw946
thread947,pw947
thread948,pw948
thread949,pw949
thread950,pw950
thread951,pw951
thread952,pw952
thread953,pw953
thread954,pw954
thread955,pw955
thread956,pw956
thread957,pw957
thread958,pw958
thread959,pw959
thread960,pw960
thread961,pw961
thread962,pw962
thread963,pw963
thread964,pw964
thread965,pw965
thread966,pw966
thread967,pw967
thread968,pw968
thread969,pw969
thread970,pw970
thread971,pw971
thread972,pw972
thread973,pw973
thread974,pw974
thread975,pw975
thread976,pw976
thread977,pw977
thread978,pw978
thread979,pw979
thread980,pw980
thread981,pw981
thread982,pw982
thread983,pw983
thread984,pw984
thread985,pw985
thread986,pw986
thread987,pw987
thread988,pw988
thread989,pw989
thread990,pw990
thread991,pw991
thread992,pw992
thread993,pw993
thread994,pw994
thread995,pw995
thread996,pw996
thread997,pw997
thread998,pw998
thread999,pw999
thread1000,pw1000
thread1001,pw1001
thread1002,pw1002
thread1003,pw1003
thread1004,pw1004
thread1005,pw1005
thread1006,pw1006
thread1007,pw1007
thread1008,pw1008
thread1009,pw1009
thread1010,pw1010
thread1011,pw1011
thread1012,pw1012
thread1013,pw1013
thread1014,pw1014
thread1015,pw1015
thread1016,pw1016
thread1017,pw1017
thread1018,pw1018
thread1019,pw1019
thread1020,pw1020
thread1021,pw1021
thread1022,pw1022
thread1023,pw1023
thread1024,pw1024
thread1025,pw1025
thread1026,pw1026
thread1027,pw1027
thread1028,pw1028
thread1029,pw1029
thread1030,pw1030
thread1031,pw1031
thread1032,pw1032
thread1033,pw1033
thread1034,pw1034
thread1035,pw1035
thread1036,pw1036
thread1037,pw1037
thread1038,pw1038
thread1039,pw1039
thread1040,pw1040
thread1041,pw1041
thread1042,pw1042
thread1043,pw1043
thread1044,pw1044
thread1045,pw1045
thread1046,pw1046
thread1047,pw1047
thread1048,pw1048
thread1049,pw1049
thread1050,pw1050
thread1051,pw1051
thread1052,pw1052
thread1053,pw1053
thread1054,pw1054
thread1055,pw1055
thread1056,pw1056
thread1057,pw1057
thread1058,pw1058
thread1059,pw1059
thread1060,pw1060
thread1061,pw1061
thread1062,pw1062
thread1063,pw1063
thread1064,pw1064
thread1065,pw1065
thread1066,pw1066
thread1067,pw1067
thread1068,pw1068
thread1069,pw1069
thread1070,pw1070
thread1071,pw1071
thread1072,pw1072
thread1073,pw1073
thread1074,pw1074
thread1075,pw1075
thread1076,pw1076
thread1077,pw1077
thread1078,pw1078
thread1079,pw1079
thread1080,pw1080
thread1081,pw1081
thread1082,pw1082
thread1083,pw1083
thread1084,pw1084
thread1085,pw1085
thread1086,pw1086
thread1087,pw1087
thread1088,pw1088
thread1089,pw1089
thread1090,pw1090
thread1091,pw1091
thread1092,pw1092
thread1093,pw1093
thread1094,pw1094
thread1095,pw1095
thread1096,pw1096
thread1097,pw1097
thread1098,pw1098
thread1099,pw1099
thread1100,pw1100
thread1101,pw1101
thread1102,pw1102
thread1103,pw1103
thread1104,pw1104
thread1105,pw1105
thread1106,pw1106
thread1107,pw1107
thread1108,pw1108
thread1109,pw1109
thread1110,pw1110
thread1111,pw1111
thread1112,pw1112
thread1113,pw1113
thread1114,pw1114
thread1115,pw1115
thread1116,pw1116
thread1117,pw1117
thread1118,pw1118
thread1119,pw1119
thread1120,pw1120
thread1121,pw1121
thread1122,pw1122
thread1123,pw1123
thread1124,pw1124
thread1125,pw1125
thread1126,pw1126
thread1127,pw1127
thread1128,pw1128
thread1129,pw1129
thread1130,pw1130
thread1131,pw1131
thread1132,pw1132
thread1133,pw1133
thread1134,pw1134
thread1135,pw1135
thread1136,pw1136
thread1137,pw1137
thread1138,pw1138
thread1139,pw1139
thread1140,pw1140
thread1141,pw1141
thread1142,pw1142
thread1143,pw1143
thread1144,pw1144
thread1145,pw1145
thread1146,pw1146
thread1147,pw1147
thread1148,pw1148
thread1149,pw1149
thread1150,pw1150
thread1151,pw1151
thread1152,pw1152
thread1153,pw1153
thread1154,pw1154
thread1155,pw1155
thread1156,pw1156
thread1157,pw1157
thread1158,pw1158
thread1159,pw1159
thread1160,pw1160
thread1161,pw1161
thread1162,pw1162
thread1163,pw1163
thread1164,pw1164
thread1165,pw1165
thread1166,pw1166
thread1167,pw1167
thread1168,pw1168
thread1169,pw1169
thread1170,pw1170
thread1171,pw1171
thread1172,pw1172
thread1173,pw1173
thread1174,pw1174
thread1175,pw1175
thread1176,pw1176
thread1177,pw1177
thread1178,pw1178
thread1179,pw1179
thread1180,pw1180
thread1181,pw1181
thread1182,pw1182
thread1183,pw1183
thread1184,pw1184
thread1185,pw1185
thread1186,pw1186
thread1187,pw1187
thread1188,pw1188
thread1189,pw1189
thread1190,pw1190
thread1191,pw1191
thread1192,pw1192
thread1193,pw1193
thread1194,pw1194
thread1195,pw1195
thread1196,pw1196
thread1197,pw1197
thread1198,pw1198
thread1199,pw1199
thread1200,pw1200
thread1201,pw1201
thread1202,pw1202
thread1203,pw1203
thread1204,pw1204
thread1205,pw1205
thread1206,pw1206
thread1207,pw1207
thread1208,pw1208
thread1209,pw1209
thread1210,pw1210
thread1211,pw1211
thread1212,pw1212
thread1213,pw1213
thread1214,pw1214
thread1215,pw1215
thread1216,pw1216
thread1217,pw1217
thread1218,pw1218
thread1219,pw1219
thread1220,pw1220
thread1221,pw1221
thread1222,pw1222
thread1223,pw1223
thread1224,pw1224
thread1225,pw1225
thread1226,pw1226
thread1227,pw1227
thread1228,pw1228
thread1229,pw1229
thread1230,pw1230
thread1231,pw1231
thread1232,pw1232
thread1233,pw1233
thread1234,pw1234
thread1235,pw1235
thread1236,pw1236
thread1237,pw1237
thread1238,pw1238
thread1239,pw1239
thread1240,pw1240
thread1241,pw1241
thread1242,pw1242
thread1243,pw1243
thread1244,pw1244
thread1245,pw1245
thread1246,pw1246
thread1247,pw1247
thread1248,pw1248
thread1249,pw1249
thread1250,pw1250
thread1251,pw1251
thread1252,pw1252
thread1253,pw1253
thread1254,pw1254
thread1255,pw1255
thread1256,pw1256
thread1257,pw1257
thread1258,pw1258
thread1259,pw1259
thread1260,pw1260
thread1261,pw1261
thread1262,pw1262
thread1263,pw1263
thread1264,pw1264
thread1265,pw1265
thread1266,pw1266
thread1267,pw1267
thread1268,pw1268
thread1269,pw1269
thread1270,pw1270
thread1271,pw1271
thread1272,pw1272
thread1273,pw1273
thread1274,pw1274
thread1275,pw1275
thread1276,pw1276
thread1277,pw1277
thread1278,pw1278
thread1279,pw1279
thread1280,pw1280
thread1281,pw1281
thread1282,pw1282
thread1283,pw1283
thread1284,pw1284
thread1285,pw1285
thread1286,pw1286
thread1287,pw1287
thread1288,pw1288
thread1289,pw1289
thread1290,pw1290
thread1291,pw1291
thread1292,pw1292
thread1293,pw1293
thread1294,pw1294
thread1295,pw1295
thread1296,pw1296
thread1297,pw1297
thread1298,pw1298
thread1299,pw1299
thread1300,pw1300
thread1301,pw1301
thread1302,pw1302
thread1303,pw1303
thread1304,pw1304
thread1305,pw1305
thread1306,pw1306
thread1307,pw1307
thread1308,pw1308
thread1309,pw1309
thread1310,pw1310
thread1311,pw1311
thread1312,pw1312
thread1313,pw1313
thread1314,pw1314
thread1315,pw1315
thread1316,pw1316
thread1317,pw1317
thread1318,pw1318
thread1319,pw1319
thread1320,pw1320
thread1321,pw1321
thread1322,pw1322
thread1323,pw1323
thread1324,pw1324
thread1325,pw1325
thread1326,pw1326
thread1327,pw1327
thread1328,pw1328
thread1329,pw1329
thread1330,pw1330
thread1331,pw1331
thread1332,pw1332
thread1333,pw1333
thread1334,pw1334
thread1335,pw1335
thread1336,pw1336
thread1337,pw1337
thread1338,pw1338
thread1339,pw1339
thread1340,pw1340
thread1341,pw1341
thread1342,pw1342
thread1343,pw1343
thread1344,pw1344
thread1345,pw1345
thread1346,pw1346
thread1347,pw1347
thread1348,pw1348
thread1349,pw1349
thread1350,pw1350
thread1351,pw1351
thread1352,pw1352
thread1353,pw1353
thread1354,pw1354
thread1355,pw1355
thread1356,pw1356
thread1357,pw1357
thread1358,pw1358
thread1359,pw1359
thread1360,pw1360
thread1361,pw1361
thread1362,pw1362
thread1363,pw1363
thread1364,pw1364
thread1365,pw1365
thread1366,pw1366
thread1367,pw1367
thread1368,pw1368
thread1369,pw1369
thread1370,pw1370
thread1371,pw1371
thread1372,pw1372
thread1373,pw1373
thread1374,pw1374
thread1375,pw1375
thread1376,pw1376
thread1377,pw1377
thread1378,pw1378
thread1379,pw1379
thread1380,pw1380
thread1381,pw1381
thread1382,pw1382
thread1383,pw1383
thread1384,pw1384
thread1385,pw1385
thread1386,pw1386
thread1387,pw1387
thread1388,pw1388
thread1389,pw1389
thread1390,pw1390
thread1391,pw1391
thread1392,pw1392
thread1393,pw1393
thread1394,pw1394
thread1395,pw1395
thread1396,pw1396
thread1397,pw1397
thread1398,pw1398
thread1399,pw1399
thread1400,pw1400
thread1401,pw1401
thread1402,pw1402
thread1403,pw1403
thread1404,pw1404
thread1405,pw1405
thread1406,pw1406
thread1407,pw1407
thread1408,pw1408
thread1409,pw1409
thread1410,pw1410
thread1411,pw1411
thread1412,pw1412
thread1413,pw1413
thread1414,pw1414
thread1415,pw1415
thread1416,pw1416
thread1417,pw1417
thread1418,pw1418
thread1419,pw1419
thread1420,pw1420
thread1421,pw1421
thread1422,pw1422
thread1423,pw1423
thread1424,pw1424
thread1425,pw1425
thread1426,pw1426
thread1427,pw1427
thread1428,pw1428
thread1429,pw1429
thread1430,pw1430
thread1431,pw1431
thread1432,pw1432
thread1433,pw1433
thread1434,pw1434
thread1435,pw1435
thread1436,pw1436
thread1437,pw1437
thread1438,pw1438
thread1439,pw1439
thread1440,pw1440
thread1441,pw1441
thread1442,pw1442
thread1443,pw1443
thread1444,pw1444
thread1445,pw1445
thread1446,pw1446
thread1447,pw1447
thread1448,pw1448
thread1449,pw1449
thread1450,pw1450
thread1451,pw1451
thread1452,pw1452
thread1453,pw1453
thread1454,pw1454
thread1455,pw1455
thread1456,pw1456
thread1457,pw1457
thread1458,pw1458
thread1459,pw1459
thread1460,pw1460
thread1461,pw1461
thread1462,pw1462
thread1463,pw1463
thread1464,pw1464
thread1465,pw1465
thread1466,pw1466
thread1467,pw1467
thread1468,pw1468
thread1469,pw1469
thread1470,pw1470
thread1471,pw1471
thread1472,pw1472
thread1473,pw1473
thread1474,pw1474
thread1475,pw1475
thread1476,pw1476
thread1477,pw1477
thread1478,pw1478
thread1479,pw1479
thread1480,pw1480
thread1481,pw1481
thread1482,pw1482
thread1483,pw1483
thread1484,pw1484
thread1485,pw1485
thread1486,pw1486
thread1487,pw1487
thread1488,pw1488
thread1489,pw1489
thread1490,pw1490
thread1491,pw1491
thread1492,pw1492
thread1493,pw1493
thread1494,pw1494
thread1495,pw1495
thread1496,pw1496
thread1497,pw1497
thread1498,pw1498
thread1499,pw1499
thread1500,pw1500
thread1501,pw1501
thread1502,pw1502
thread1503,pw1503
thread1504,pw1504
thread1505,pw1505
thread1506,pw1506
thread1507,pw1507
thread1508,pw1508
thread1509,pw1509
thread1510,pw1510
thread1511,pw1511
thread1512,pw1512
thread1513,pw1513
thread1514,pw1514
thread1515,pw1515
thread1516,pw1516
thread1517,pw1517
thread1518,pw1518
thread1519,pw1519
thread1520,pw1520
thread1521,pw1521
thread1522,pw1522
thread1523,pw1523
thread1524,pw1524
thread1525,pw1525
thread1526,pw1526
thread1527,pw1527
thread1528,pw1528
thread1529,pw1529
thread1530,pw1530
thread1531,pw1531
thread1532,pw1532
thread1533,pw1533
thread1534,pw1534
thread1535,pw1535
thread1536,pw1536
thread1537,pw1537
thread1538,pw1538
thread1539,pw1539
thread1540,pw1540
thread1541,pw1541
thread1542,pw1542
thread1543,pw1543
thread1544,pw1544
thread1545,pw1545
thread1546,pw1546
thread1547,pw1547
thread1548,pw1548
thread1549,pw1549
thread1550,pw1550
thread1551,pw1551
thread1552,pw1552
thread1553,pw1553
thread1554,pw1554
thread1555,pw1555
thread1556,pw1556
thread1557,pw1557
thread1558,pw1558
thread1559,pw1559
thread1560,pw1560
thread1561,pw1561
thread1562,pw1562
thread1563,pw1563
thread1564,pw1564
thread1565,pw1565
thread1566,pw1566
thread1567,pw1567
thread1568,pw1568
thread1569,pw1569
thread1570,pw1570
thread1571,pw1571
thread1572,pw1572
thread1573,pw1573
thread1574,pw1574
thread1575,pw1575
thread1576,pw1576
thread1577,pw1577
thread1578,pw1578
thread1579,pw1579
thread1580,pw1580
thread1581,pw1581
thread1582,pw1582
thread1583,pw1583
thread1584,pw1584
thread1585,pw1585
thread1586,pw1586
thread1587,pw1587
thread1588,pw1588
thread1589,pw1589
thread1590,pw1590
thread1591,pw1591
thread1592,pw1592
thread1593,pw1593
thread1594,pw1594
thread1595,pw1595
thread1596,pw1596
thread1597,pw1597
thread1598,pw1598
thread1599,pw1599
thread1600,pw1600
thread1601,pw1601
thread1602,pw1602
thread1603,pw1603
thread1604,pw1604
thread1605,pw1605
thread1606,pw1606
thread1607,pw1607
thread1608,pw1608
thread1609,pw1609
thread1610,pw1610
thread1611,pw1611
thread1612,pw1612
thread1613,pw1613
thread1614,pw1614
thread1615,pw1615
thread1616,pw1616
thread1617,pw1617
thread1618,pw1618
thread1619,pw1619
thread1620,pw1620
thread1621,pw1621
thread1622,pw1622
thread1623,pw1623
thread1624,pw1624
thread1625,pw1625
thread1626,pw1626
thread1627,pw1627
thread1628,pw1628
thread1629,pw1629
thread1630,pw1630
thread1631,pw1631
thread1632,pw1632
thread1633,pw1633
thread1634,pw1634
thread1635,pw1635
thread1636,pw1636
thread1637,pw1637
thread1638,pw1638
thread1639,pw1639
thread1640,pw1640
thread1641,pw1641
thread1642,pw1642
thread1643,pw1643
thread1644,pw1644
thread1645,pw1645
thread1646,pw1646
thread1647,pw1647
thread1648,pw1648
thread1649,pw1649
thread1650,pw1650
thread1651,pw1651
thread1652,pw1652
thread1653,pw1653
thread1654,pw1654
thread1655,pw1655
thread1656,pw1656
thread1657,pw1657
thread1658,pw1658
thread1659,pw1659
thread1660,pw1660
thread1661,pw1661
thread1662,pw1662
thread1663,pw1663
thread1664,pw1664
thread1665,pw1665
thread1666,pw1666
thread1667,pw1667
thread1668,pw1668
thread1669,pw1669
thread1670,pw1670
thread1671,pw1671
thread1672,pw1672
thread1673,pw1673
thread1674,pw1674
thread1675,pw1675
thread1676,pw1676
thread1677,pw1677
thread1678,pw1678
thread1679,pw1679
thread1680,pw1680
thread1681,pw1681
thread1682,pw1682
thread1683,pw1683
thread1684,pw1684
thread1685,pw1685
thread1686,pw1686
thread1687,pw1687
thread1688,pw1688
thread1689,pw1689
thread1690,pw1690
thread1691,pw1691
thread1692,pw1692
thread1693,pw1693
thread1694,pw1694
thread1695,pw1695
thread1696,pw1696
thread1697,pw1697
thread1698,pw1698
thread1699,pw1699
thread1700,pw1700
thread1701,pw1701
thread1702,pw1702
thread1703,pw1703
thread1704,pw1704
thread1705,pw1705
thread1706,pw1706
thread1707,pw1707
thread1708,pw1708
thread1709,pw1709
thread1710,pw1710
thread1711,pw1711
thread1712,pw1712
thread1713,pw1713
thread1714,pw1714
thread1715,pw1715
thread1716,pw1716
thread1717,pw1717
thread1718,pw1718
thread1719,pw1719
thread1720,pw1720
thread1721,pw1721
thread1722,pw1722
thread1723,pw1723
thread1724,pw1724
thread1725,pw1725
thread1726,pw1726
thread1727,pw1727
thread1728,pw1728
thread1729,pw1729
thread1730,pw1730
thread1731,pw1731
thread1732,pw1732
thread1733,pw1733
thread1734,pw1734
thread1735,pw1735
thread1736,pw1736
thread1737,pw1737
thread1738,pw1738
thread1739,pw1739
thread1740,pw1740
thread1741,pw1741
thread1742,pw1742
thread1743,pw1743
thread1744,pw1744
thread1745,pw1745
thread1746,pw1746
thread1747,pw1747
thread1748,pw1748
thread1749,pw1749
thread1750,pw1750
thread1751,pw1751
thread1752,pw1752
thread1753,pw1753
thread1754,pw1754
thread1755,pw1755
thread1756,pw1756
thread1757,pw1757
thread1758,pw1758
thread1759,pw1759
thread1760,pw1760
thread1761,pw1761
thread1762,pw1762
thread1763,pw1763
thread1764,pw1764
thread1765,pw1765
thread1766,pw1766
thread1767,pw1767
thread1768,pw1768
thread1769,pw1769
thread1770,pw1770
thread1771,pw1771
thread1772,pw1772
thread1773,pw1773
thread1774,pw1774
thread1775,pw1775
thread1776,pw1776
thread1777,pw1777
thread1778,pw1778
thread1779,pw1779
thread1780,pw1780
thread1781,pw1781
thread1782,pw1782
thread1783,pw1783
thread1784,pw1784
thread1785,pw1785
thread1786,pw1786
thread1787,pw1787
thread1788,pw1788
thread1789,pw1789
thread1790,pw1790
thread1791,pw1791
thread1792,pw1792
thread1793,pw1793
thread1794,pw1794
thread1795,pw1795
thread1796,pw1796
thread1797,pw1797
thread1798,pw1798
thread1799,pw1799
thread1800,pw1800
thread1801,pw1801
thread1802,pw1802
thread1803,pw1803
thread1804,pw1804
thread1805,pw1805
thread1806,pw1806
thread1807,pw1807
thread1808,pw1808
thread1809,pw1809
thread1810,pw1810
thread1811,pw1811
thread1812,pw1812
thread1813,pw1813
thread1814,pw1814
thread1815,pw1815
thread1816,pw1816
thread1817,pw1817
thread1818,pw1818
thread1819,pw1819
thread1820,pw1820
thread1821,pw1821
thread1822,pw1822
thread1823,pw1823
thread1824,pw1824
thread1825,pw1825
thread1826,pw1826
thread1827,pw1827
thread1828,pw1828
thread1829,pw1829
thread1830,pw1830
thread1831,pw1831
thread1832,pw1832
thread1833,pw1833
thread1834,pw1834
thread1835,pw1835
thread1836,pw1836
thread1837,pw1837
thread1838,pw1838
thread1839,pw1839
thread1840,pw1840
thread1841,pw1841
thread1842,pw1842
thread1843,pw1843
thread1844,pw1844
thread1845,pw1845
thread1846,pw1846
thread1847,pw1847
thread1848,pw1848
thread1849,pw1849
thread1850,pw1850
thread1851,pw1851
thread1852,pw1852
thread1853,pw1853
thread1854,pw1854
thread1855,pw1855
thread1856,pw1856
thread1857,pw1857
thread1858,pw1858
thread1859,pw1859
thread1860,pw1860
thread1861,pw1861
thread1862,pw1862
thread1863,pw1863
thread1864,pw1864
thread1865,pw1865
thread1866,pw1866
thread1867,pw1867
thread1868,pw1868
thread1869,pw1869
thread1870,pw1870
thread1871,pw1871
thread1872,pw1872
thread1873,pw1873
thread1874,pw1874
thread1875,pw1875
thread1876,pw1876
thread1877,pw1877
thread1878,pw1878
thread1879,pw1879
thread1880,pw1880
thread1881,pw1881
thread1882,pw1882
thread1883,pw1883
thread1884,pw1884
thread1885,pw1885
thread1886,pw1886
thread1887,pw1887
thread1888,pw1888
thread1889,pw1889
thread1890,pw1890
thread1891,pw1891
thread1892,pw1892
thread1893,pw1893
thread1894,pw1894
thread1895,pw1895
thread1896,pw1896
thread1897,pw1897
thread1898,pw1898
thread1899,pw1899
thread1900,pw1900
thread1901,pw1901
thread1902,pw1902
thread1903,pw1903
thread1904,pw1904
thread1905,pw1905
thread1906,pw1906
thread1907,pw1907
thread1908,pw1908
thread1909,pw1909
thread1910,pw1910
thread1911,pw1911
thread1912,pw1912
thread1913,pw1913
thread1914,pw1914
thread1915,pw1915
thread1916,pw1916
thread1917,pw1917
thread1918,pw1918
thread1919,pw1919
thread1920,pw1920
thread1921,pw1921
thread1922,pw1922
thread1923,pw1923
thread1924,pw1924
thread1925,pw1925
thread1926,pw1926
thread1927,pw1927
thread1928,pw1928
thread1929,pw1929
thread1930,pw1930
thread1931,pw1931
thread1932,pw1932
thread1933,pw1933
thread1934,pw1934
thread1935,pw1935
thread1936,pw1936
thread1937,pw1937
thread1938,pw1938
thread1939,pw1939
thread1940,pw1940
thread1941,pw1941
thread1942,pw1942
thread1943,pw1943
thread1944,pw1944
thread1945,pw1945
thread1946,pw1946
thread1947,pw1947
thread1948,pw1948
thread1949,pw1949
thread1950,pw1950
thread1951,pw1951
thread1952,pw1952
thread1953,pw1953
thread1954,pw1954
thread1955,pw1955
thread1956,pw1956
thread1957,pw1957
thread1958,pw1958
thread1959,pw1959
thread1960,pw1960
thread1961,pw1961
thread1962,pw1962
thread1963,pw1963
thread1964,pw1964
thread1965,pw1965
thread1966,pw1966
thread1967,pw1967
thread1968,pw1968
thread1969,pw1969
thread1970,pw1970
thread1971,pw1971
thread1972,pw1972
thread1973,pw1973
thread1974,pw1974
thread1975,pw1975
thread1976,pw1976
thread1977,pw1977
thread1978,pw1978
thread1979,pw1979
thread1980,pw1980
thread1981,pw1981
thread1982,pw1982
thread1983,pw1983
thread1984,pw1984
thread1985,pw1985
thread1986,pw1986
thread1987,pw1987
thread1988,pw1988
thread1989,pw1989
thread1990,pw1990
thread1991,pw1991
thread1992,pw1992
thread1993,pw1993
thread1994,pw1994
thread1995,pw1995
thread1996,pw1996
thread1997,pw1997
thread1998,pw1998
thread1999,pw1999
thread2000,pw2000
thread2001,pw2001
thread2002,pw2002
thread2003,pw2003
thread2004,pw2004
thread2005,pw2005
thread2006,pw2006
thread2007,pw2007
thread2008,pw2008
thread2009,pw2009
thread2010,pw2010
thread2011,pw2011
thread2012,pw2012
thread2013,pw2013
thread2014,pw2014
thread2015,pw2015
thread2016,pw2016
thread2017,pw2017
thread2018,pw2018
thread2019,pw2019
thread2020,pw2020
thread2021,pw2021
thread2022,pw2022
thread2023,pw2023
thread2024,pw2024
thread2025,pw2025
thread2026,pw2026
thread2027,pw2027
thread2028,pw2028
thread2029,pw2029
thread2030,pw2030
thread2031,pw2031
thread2032,pw2032
thread2033,pw2033
thread2034,pw2034
thread2035,pw2035
thread2036,pw2036
thread2037,pw2037
thread2038,pw2038
thread2039,pw2039
thread2040,pw2040
thread2041,pw2041
thread2042,pw2042
thread2043,pw2043
thread2044,pw2044
thread2045,pw2045
thread2046,pw2046
thread2047,pw2047
thread2048,pw2048
thread2049,pw2049
thread2050,pw2050
thread2051,pw2051
thread2052,pw2052
thread2053,pw2053
thread2054,pw2054
thread2055,pw2055
thread2056,pw2056
thread2057,pw2057
thread2058,pw2058
thread2059,pw2059
thread2060,pw2060
thread2061,pw2061
thread2062,pw2062
thread2063,pw2063
thread2064,pw2064
thread2065,pw2065
thread2066,pw2066
thread2067,pw2067
thread2068,pw2068
thread2069,pw2069
thread2070,pw2070
thread2071,pw2071
thread2072,pw2072
thread2073,pw2073
thread2074,pw2074
thread2075,pw2075
thread2076,pw2076
thread2077,pw2077
thread2078,pw2078
thread2079,pw2079
thread2080,pw2080
thread2081,pw2081
thread2082,pw2082
thread2083,pw2083
thread2084,pw2084
thread2085,pw2085
thread2086,pw2086
thread2087,pw2087
thread2088,pw2088
thread2089,pw2089
thread2090,pw2090
thread2091,pw2091
thread2092,pw2092
thread2093,pw2093
thread2094,pw2094
thread2095,pw2095
thread2096,pw2096
thread2097,pw2097
thread2098,pw2098
thread2099,pw2099
thread2100,pw2100
thread2101,pw2101
thread2102,pw2102
thread2103,pw2103
thread2104,pw2104
thread2105,pw2105
thread2106,pw2106
thread2107,pw2107
thread2108,pw2108
thread2109,pw2109
thread2110,pw2110
thread2111,pw2111
thread2112,pw2112
thread2113,pw2113
thread2114,pw2114
thread2115,pw2115
thread2116,pw2116
thread2117,pw2117
thread2118,pw2118
thread2119,pw2119
thread2120,pw2120
thread2121,pw2121
thread2122,pw2122
thread2123,pw2123
thread2124,pw2124
thread2125,pw2125
thread2126,pw2126
thread2127,pw2127
thread2128,pw2128
thread2129,pw2129
thread2130,pw2130
thread2131,pw2131
thread2132,pw2132
thread2133,pw2133
thread2134,pw2134
thread2135,pw2135
thread2136,pw2136
thread2137,pw2137
thread2138,pw2138
thread2139,pw2139
thread2140,pw2140
thread2141,pw2141
thread2142,pw2142
thread2143,pw2143
thread2144,pw2144
thread2145,pw2145
thread2146,pw2146
thread2147,pw2147
thread2148,pw2148
thread2149,pw2149
thread2150,pw2150
thread2151,pw2151
thread2152,pw2152
thread2153,pw2153
thread2154,pw2154
thread2155,pw2155
thread2156,pw2156
thread2157,pw2157
thread2158,pw2158
thread2159,pw2159
thread2160,pw2160
thread2161,pw2161
thread2162,pw2162
thread2163,pw2163
thread2164,pw2164
thread2165,pw2165
thread2166,pw2166
thread2167,pw2167
thread2168,pw2168
thread2169,pw2169
thread2170,pw2170
thread2171,pw2171
thread2172,pw2172
thread2173,pw2173
thread2174,pw2174
thread2175,pw2175
thread2176,pw2176
thread2177,pw2177
thread2178,pw2178
thread2179,pw2179
thread2180,pw2180
thread2181,pw2181
thread2182,pw2182
thread2183,pw2183
thread2184,pw2184
thread2185,pw2185
thread2186,pw2186
thread2187,pw2187
thread2188,pw2188
thread2189,pw2189
thread2190,pw2190
thread2191,pw2191
thread2192,pw2192
thread2193,pw2193
thread2194,pw2194
thread2195,pw2195
thread2196,pw2196
thread2197,pw2197
thread2198,pw2198
thread2199,pw2199
thread2200,pw2200
thread2201,pw2201
thread2202,pw2202
thread2203,pw2203
thread2204,pw2204
thread2205,pw2205
thread2206,pw2206
thread2207,pw2207
thread2208,pw2208
thread2209,pw2209
thread2210,pw2210
thread2211,pw2211
thread2212,pw2212
thread2213,pw2213
thread2214,pw2214
thread2215,pw2215
thread2216,pw2216
thread2217,pw2217
thread2218,pw2218
thread2219,pw2219
thread2220,pw2220
thread2221,pw2221
thread2222,pw2222
thread2223,pw2223
thread2224,pw2224
thread2225,pw2225
thread2226,pw2226
thread2227,pw2227
thread2228,pw2228
thread2229,pw2229
thread2230,pw2230
thread2231,pw2231
thread2232,pw2232
thread2233,pw2233
thread2234,pw2234
thread2235,pw2235
thread2236,pw2236
thread2237,pw2237
thread2238,pw2238
thread2239,pw2239
thread2240,pw2240
thread2241,pw2241
thread2242,pw2242
thread2243,pw2243
thread2244,pw2244
thread2245,pw2245
thread2246,pw2246
thread2247,pw2247
thread2248,pw2248
thread2249,pw2249
thread2250,pw2250
thread2251,pw2251
thread2252,pw2252
thread2253,pw2253
thread2254,pw2254
thread2255,pw2255
thread2256,pw2256
thread2257,pw2257
thread2258,pw2258
thread2259,pw2259
thread2260,pw2260
thread2261,pw2261
thread2262,pw2262
thread2263,pw2263
thread2264,pw2264
thread2265,pw2265
thread2266,pw2266
thread2267,pw2267
thread2268,pw2268
thread2269,pw2269
thread2270,pw2270
thread2271,pw2271
thread2272,pw2272
thread2273,pw2273
thread2274,pw2274
thread2275,pw2275
thread2276,pw2276
thread2277,pw2277
thread2278,pw2278
thread2279,pw2279
thread2280,pw2280
thread2281,pw2281
thread2282,pw2282
thread2283,pw2283
thread2284,pw2284
thread2285,pw2285
thread2286,pw2286
thread2287,pw2287
thread2288,pw2288
thread2289,pw2289
thread2290,pw2290
thread2291,pw2291
thread2292,pw2292
thread2293,pw2293
thread2294,pw2294
thread2295,pw2295
thread2296,pw2296
thread2297,pw2297
thread2298,pw2298
thread2299,pw2299
thread2300,pw2300
thread2301,pw2301
thread2302,pw2302
thread2303,pw2303
thread2304,pw2304
thread2305,pw2305
thread2306,pw2306
thread2307,pw2307
thread2308,pw2308
thread2309,pw2309
thread2310,pw2310
thread2311,pw2311
thread2312,pw2312
thread2313,pw2313
thread2314,pw2314
thread2315,pw2315
thread2316,pw2316
thread2317,pw2317
thread2318,pw2318
thread2319,pw2319
thread2320,pw2320
thread2321,pw2321
thread2322,pw2322
thread2323,pw2323
thread2324,pw2324
thread2325,pw2325
thread2326,pw2326
thread2327,pw2327
thread2328,pw2328
thread2329,pw2329
thread2330,pw2330
thread2331,pw2331
thread2332,pw2332
thread2333,pw2333
thread2334,pw2334
thread2335,pw2335
thread2336,pw2336
thread2337,pw2337
thread2338,pw2338
thread2339,pw2339
thread2340,pw2340
thread2341,pw2341
thread2342,pw2342
thread2343,pw2343
thread2344,pw2344
thread2345,pw2345
thread2346,pw2346
thread2347,pw2347
thread2348,pw2348
thread2349,pw2349
thread2350,pw2350
thread2351,pw2351
thread2352,pw2352
thread2353,pw2353
thread2354,pw2354
thread2355,pw2355
thread2356,pw2356
thread2357,pw2357
thread2358,pw2358
thread2359,pw2359
thread2360,pw2360
thread2361,pw2361
thread2362,pw2362
thread2363,pw2363
thread2364,pw2364
thread2365,pw2365
thread2366,pw2366
thread2367,pw2367
thread2368,pw2368
thread2369,pw2369
thread2370,pw2370
thread2371,pw2371
thread2372,pw2372
thread2373,pw2373
thread2374,pw2374
thread2375,pw2375
thread2376,pw2376
thread2377,pw2377
thread2378,pw2378
thread2379,pw2379
thread2380,pw2380
thread2381,pw2381
thread2382,pw2382
thread2383,pw2383
thread2384,pw2384
thread2385,pw2385
thread2386,pw2386
thread2387,pw2387
thread2388,pw2388
thread2389,pw2389
thread2390,pw2390
thread2391,pw2391
thread2392,pw2392
thread2393,pw2393
thread2394,pw2394
thread2395,pw2395
thread2396,pw2396
thread2397,pw2397
thread2398,pw2398
thread2399,pw2399
thread2400,pw2400
thread2401,pw2401
thread2402,pw2402
thread2403,pw2403
thread2404,pw2404
thread2405,pw2405
thread2406,pw2406
thread2407,pw2407
thread2408,pw2408
thread2409,pw2409
thread2410,pw2410
thread2411,pw2411
thread2412,pw2412
thread2413,pw2413
thread2414,pw2414
thread2415,pw2415
thread2416,pw2416
thread2417,pw2417
thread2418,pw2418
thread2419,pw2419
thread2420,pw2420
thread2421,pw2421
thread2422,pw2422
thread2423,pw2423
thread2424,pw2424
thread2425,pw2425
thread2426,pw2426
thread2427,pw2427
thread2428,pw2428
thread2429,pw2429
thread2430,pw2430
thread2431,pw2431
thread2432,pw2432
thread2433,pw2433
thread2434,pw2434
thread2435,pw2435
thread2436,pw2436
thread2437,pw2437
thread2438,pw2438
thread2439,pw2439
thread2440,pw2440
thread2441,pw2441
thread2442,pw2442
thread2443,pw2443
thread2444,pw2444
thread2445,pw2445
thread2446,pw2446
thread2447,pw2447
thread2448,pw2448
thread2449,pw2449
thread2450,pw2450
thread2451,pw2451
thread2452,pw2452
thread2453,pw2453
thread2454,pw2454
thread2455,pw2455
thread2456,pw2456
thread2457,pw2457
thread2458,pw2458
thread2459,pw2459
thread2460,pw2460
thread2461,pw2461
thread2462,pw2462
thread2463,pw2463
thread2464,pw2464
thread2465,pw2465
thread2466,pw2466
thread2467,pw2467
thread2468,pw2468
thread2469,pw2469
thread2470,pw2470
thread2471,pw2471
thread2472,pw2472
thread2473,pw2473
thread2474,pw2474
thread2475,pw2475
thread2476,pw2476
thread2477,pw2477
thread2478,pw2478
thread2479,pw2479
thread2480,pw2480
thread2481,pw2481
thread2482,pw2482
thread2483,pw2483
thread2484,pw2484
thread2485,pw2485
thread2486,pw2486
thread2487,pw2487
thread2488,pw2488
thread2489,pw2489
thread2490,pw2490
thread2491,pw2491
thread2492,pw2492
thread2493,pw2493
thread2494,pw2494
thread2495,pw2495
thread2496,pw2496
thread2497,pw2497
thread2498,pw2498
thread2499,pw2499
thread2500,pw2500
thread2501,pw2501
thread2502,pw2502
thread2503,pw2503
thread2504,pw2504
thread2505,pw2505
thread2506,pw2506
thread2507,pw2507
thread2508,pw2508
thread2509,pw2509
thread2510,pw2510
thread2511,pw2511
thread2512,pw2512
thread2513,pw2513
thread2514,pw2514
thread2515,pw2515
thread2516,pw2516
thread2517,pw2517
thread2518,pw2518
thread2519,pw2519
thread2520,pw2520
thread2521,pw2521
thread2522,pw2522
thread2523,pw2523
thread2524,pw2524
thread2525,pw2525
thread2526,pw2526
thread2527,pw2527
thread2528,pw2528
thread2529,pw2529
thread2530,pw2530
thread2531,pw2531
thread2532,pw2532
thread2533,pw2533
thread2534,pw2534
thread2535,pw2535
thread2536,pw2536
thread2537,pw2537
thread2538,pw2538
thread2539,pw2539
thread2540,pw2540
thread2541,pw2541
thread2542,pw2542
thread2543,pw2543
thread2544,pw2544
thread2545,pw2545
thread2546,pw2546
thread2547,pw2547
thread2548,pw2548
thread2549,pw2549
thread2550,pw2550
thread2551,pw2551
thread2552,pw2552
thread2553,pw2553
thread2554,pw2554
thread2555,pw2555
thread2556,pw2556
thread2557,pw2557
thread2558,pw2558
thread2559,pw2559
thread2560,pw2560
thread2561,pw2561
thread2562,pw2562
thread2563,pw2563
thread2564,pw2564
thread2565,pw2565
thread2566,pw2566
thread2567,pw2567
thread2568,pw2568
thread2569,pw2569
thread2570,pw2570
thread2571,pw2571
thread2572,pw2572
thread2573,pw2573
thread2574,pw2574
thread2575,pw2575
thread2576,pw2576
thread2577,pw2577
thread2578,pw2578
thread2579,pw2579
thread2580,pw2580
thread2581,pw2581
thread2582,pw2582
thread2583,pw2583
thread2584,pw2584
thread2585,pw2585
thread2586,pw2586
thread2587,pw2587
thread2588,pw2588
thread2589,pw2589
thread2590,pw2590
thread2591,pw2591
thread2592,pw2592
thread2593,pw2593
thread2594,pw2594
thread2595,pw2595
thread2596,pw2596
thread2597,pw2597
thread2598,pw2598
thread2599,pw2599
thread2600,pw2600
thread2601,pw2601
thread2602,pw2602
thread2603,pw2603
thread2604,pw2604
thread2605,pw2605
thread2606,pw2606
thread2607,pw2607
thread2608,pw2608
thread2609,pw2609
thread2610,pw2610
thread2611,pw2611
thread2612,pw2612
thread2613,pw2613
thread2614,pw2614
thread2615,pw2615
thread2616,pw2616
thread2617,pw2617
thread2618,pw2618
thread2619,pw2619
thread2620,pw2620
thread2621,pw2621
thread2622,pw2622
thread2623,pw2623
thread2624,pw2624
thread2625,pw2625
thread2626,pw2626
thread2627,pw2627
thread2628,pw2628
thread2629,pw2629
thread2630,pw2630
thread2631,pw2631
thread2632,pw2632
thread2633,pw2633
thread2634,pw2634
thread2635,pw2635
thread2636,pw2636
thread2637,pw2637
thread2638,pw2638
thread2639,pw2639
thread2640,pw2640
thread2641,pw2641
thread2642,pw2642
thread2643,pw2643
thread2644,pw2644
thread2645,pw2645
thread2646,pw2646
thread2647,pw2647
thread2648,pw2648
thread2649,pw2649
thread2650,pw2650
thread2651,pw2651
thread2652,pw2652
thread2653,pw2653
thread2654,pw2654
thread2655,pw2655
thread2656,pw2656
thread2657,pw2657
thread2658,pw2658
thread2659,pw2659
thread2660,pw2660
thread2661,pw2661
thread2662,pw2662
thread2663,pw2663
thread2664,pw2664
thread2665,pw2665
thread2666,pw2666
thread2667,pw2667
thread2668,pw2668
thread2669,pw2669
thread2670,pw2670
thread2671,pw2671
thread2672,pw2672
thread2673,pw2673
thread2674,pw2674
thread2675,pw2675
thread2676,pw2676
thread2677,pw2677
thread2678,pw2678
thread2679,pw2679
thread2680,pw2680
thread2681,pw2681
thread2682,pw2682
thread2683,pw2683
thread2684,pw2684
thread2685,pw2685
thread2686,pw2686
thread2687,pw2687
thread2688,pw2688
thread2689,pw2689
thread2690,pw2690
thread2691,pw2691
thread2692,pw2692
thread2693,pw2693
thread2694,pw2694
thread2695,pw2695
thread2696,pw2696
thread2697,pw2697
thread2698,pw2698
thread2699,pw2699
thread2700,pw2700
thread2701,pw2701
thread2702,pw2702
thread2703,pw2703
thread2704,pw2704
thread2705,pw2705
thread2706,pw2706
thread2707,pw2707
thread2708,pw2708
thread2709,pw2709
thread2710,pw2710
thread2711,pw2711
thread2712,pw2712
thread2713,pw2713
thread2714,pw2714
thread2715,pw2715
thread2716,pw2716
thread2717,pw2717
thread2718,pw2718
thread2719,pw2719
thread2720,pw2720
thread2721,pw2721
thread2722,pw2722
thread2723,pw2723
thread2724,pw2724
thread2725,pw2725
thread2726,pw2726
thread2727,pw2727
thread2728,pw2728
thread2729,pw2729
thread2730,pw2730
thread2731,pw2731
thread2732,pw2732
thread2733,pw2733
thread2734,pw2734
thread2735,pw2735
thread2736,pw2736
thread2737,pw2737
thread2738,pw2738
thread2739,pw2739
thread2740,pw2740
thread2741,pw2741
thread2742,pw2742
thread2743,pw2743
thread2744,pw2744
thread2745,pw2745
thread2746,pw2746
thread2747,pw2747
thread2748,pw2748
thread2749,pw2749
thread2750,pw2750
thread2751,pw2751
thread2752,pw2752
thread2753,pw2753
thread2754,pw2754
thread2755,pw2755
thread2756,pw2756
thread2757,pw2757
thread2758,pw2758
thread2759,pw2759
thread2760,pw2760
thread2761,pw2761
thread2762,pw2762
thread2763,pw2763
thread2764,pw2764
thread2765,pw2765
thread2766,pw2766
thread2767,pw2767
thread2768,pw2768
thread2769,pw2769
thread2770,pw2770
thread2771,pw2771
thread2772,pw2772
thread2773,pw2773
thread2774,pw2774
thread2775,pw2775
thread2776,pw2776
thread2777,pw2777
thread2778,pw2778
thread2779,pw2779
thread2780,pw2780
thread2781,pw2781
thread2782,pw2782
thread2783,pw2783
thread2784,pw2784
thread2785,pw2785
thread2786,pw2786
thread2787,pw2787
thread2788,pw2788
thread2789,pw2789
thread2790,pw2790
thread2791,pw2791
thread2792,pw2792
thread2793,pw2793
thread2794,pw2794
thread2795,pw2795
thread2796,pw2796
thread2797,pw2797
thread2798,pw2798
thread2799,pw2799
thread2800,pw2800
thread2801,pw2801
thread2802,pw2802
thread2803,pw2803
thread2804,pw2804
thread2805,pw2805
thread2806,pw2806
thread2807,pw2807
thread2808,pw2808
thread2809,pw2809
thread2810,pw2810
thread2811,pw2811
thread2812,pw2812
thread2813,pw2813
thread2814,pw2814
thread2815,pw2815
thread2816,pw2816
thread2817,pw2817
thread2818,pw2818
thread2819,pw2819
thread2820,pw2820
thread2821,pw2821
thread2822,pw2822
thread2823,pw2823
thread2824,pw2824
thread2825,pw2825
thread2826,pw2826
thread2827,pw2827
thread2828,pw2828
thread2829,pw2829
thread2830,pw2830
thread2831,pw2831
thread2832,pw2832
thread2833,pw2833
thread2834,pw2834
thread2835,pw2835
thread2836,pw2836
thread2837,pw2837
thread2838,pw2838
thread2839,pw2839
thread2840,pw2840
thread2841,pw2841
thread2842,pw2842
thread2843,pw2843
thread2844,pw2844
thread2845,pw2845
thread2846,pw2846
thread2847,pw2847
thread2848,pw2848
thread2849,pw2849
thread2850,pw2850
thread2851,pw2851
thread2852,pw2852
thread2853,pw2853
thread2854,pw2854
thread2855,pw2855
thread2856,pw2856
thread2857,pw2857
thread2858,pw2858
thread2859,pw2859
thread2860,pw2860
thread2861,pw2861
thread2862,pw2862
thread2863,pw2863
thread2864,pw2864
thread2865,pw2865
thread2866,pw2866
thread2867,pw2867
thread2868,pw2868
thread2869,pw2869
thread2870,pw2870
thread2871,pw2871
thread2872,pw2872
thread2873,pw2873
thread2874,pw2874
thread2875,pw2875
thread2876,pw2876
thread2877,pw2877
thread2878,pw2878
thread2879,pw2879
thread2880,pw2880
thread2881,pw2881
thread2882,pw2882
thread2883,pw2883
thread2884,pw2884
thread2885,pw2885
thread2886,pw2886
thread2887,pw2887
thread2888,pw2888
thread2889,pw2889
thread2890,pw2890
thread2891,pw2891
thread2892,pw2892
thread2893,pw2893
thread2894,pw2894
thread2895,pw2895
thread2896,pw2896
thread2897,pw2897
thread2898,pw2898
thread2899,pw2899
thread2900,pw2900
thread2901,pw2901
thread2902,pw2902
thread2903,pw2903
thread2904,pw2904
thread2905,pw2905
thread2906,pw2906
thread2907,pw2907
thread2908,pw2908
thread2909,pw2909
thread2910,pw2910
thread2911,pw2911
thread2912,pw2912
thread2913,pw2913
thread2914,pw2914
thread2915,pw2915
thread2916,pw2916
thread2917,pw2917
thread2918,pw2918
thread2919,pw2919
thread2920,pw2920
thread2921,pw2921
thread2922,pw2922
thread2923,pw2923
thread2924,pw2924
thread2925,pw2925
thread2926,pw2926
thread2927,pw2927
thread2928,pw2928
thread2929,pw2929
thread2930,pw2930
thread2931,pw2931
thread2932,pw2932
thread2933,pw2933
thread2934,pw2934
thread2935,pw2935
thread2936,pw2936
thread2937,pw2937
thread2938,pw2938
thread2939,pw2939
thread2940,pw2940
thread2941,pw2941
thread2942,pw2942
thread2943,pw2943
thread2944,pw2944
thread2945,pw2945
thread2946,pw2946
thread2947,pw2947
thread2948,pw2948
thread2949,pw2949
thread2950,pw2950
thread2951,pw2951
thread2952,pw2952
thread2953,pw2953
thread2954,pw2954
thread2955,pw2955
thread2956,pw2956
thread2957,pw2957
thread2958,pw2958
thread2959,pw2959
thread2960,pw2960
thread2961,pw2961
thread2962,pw2962
thread2963,pw2963
thread2964,pw2964
thread2965,pw2965
thread2966,pw2966
thread2967,pw2967
thread2968,pw2968
thread2969,pw2969
thread2970,pw2970
thread2971,pw2971
thread2972,pw2972
thread2973,pw2973
thread2974,pw2974
thread2975,pw2975
thread2976,pw2976
thread2977,pw2977
thread2978,pw2978
thread2979,pw2979
thread2980,pw2980
thread2981,pw2981
thread2982,pw2982
thread2983,pw2983
thread2984,pw2984
thread2985,pw2985
thread2986,pw2986
thread2987,pw2987
thread2988,pw2988
thread2989,pw2989
thread2990,pw2990
thread2991,pw2991
thread2992,pw2992
thread2993,pw2993
thread2994,pw2994
thread2995,pw2995
thread2996,pw2996
thread2997,pw2997
thread2998,pw2998
thread2999,pw2999
thread3000,pw3000
thread3001,pw3001
thread3002,pw3002
thread3003,pw3003
thread3004,pw3004
thread3005,pw3005
thread3006,pw3006
thread3007,pw3007
thread3008,pw3008
thread3009,pw3009
thread3010,pw3010
thread3011,pw3011
thread3012,pw3012
thread3013,pw3013
thread3014,pw3014
thread3015,pw3015
thread3016,pw3016
thread3017,pw3017
thread3018,pw3018
thread3019,pw3019
thread3020,pw3020
thread3021,pw3021
thread3022,pw3022
thread3023,pw3023
thread3024,pw3024
thread3025,pw3025
thread3026,pw3026
thread3027,pw3027
thread3028,pw3028
thread3029,pw3029
thread3030,pw3030
thread3031,pw3031
thread3032,pw3032
thread3033,pw3033
thread3034,pw3034
thread3035,pw3035
thread3036,pw3036
thread3037,pw3037
thread3038,pw3038
thread3039,pw3039
thread3040,pw3040
thread3041,pw3041
thread3042,pw3042
thread3043,pw3043
thread3044,pw3044
thread3045,pw3045
thread3046,pw3046
thread3047,pw3047
thread3048,pw3048
thread3049,pw3049
thread3050,pw3050
thread3051,pw3051
thread3052,pw3052
thread3053,pw3053
thread3054,pw3054
thread3055,pw3055
thread3056,pw3056
thread3057,pw3057
thread3058,pw3058
thread3059,pw3059
thread3060,pw3060
thread3061,pw3061
thread3062,pw3062
thread3063,pw3063
thread3064,pw3064
thread3065,pw3065
thread3066,pw3066
thread3067,pw3067
thread3068,pw3068
thread3069,pw3069
thread3070,pw3070
thread3071,pw3071
thread3072,pw3072
thread3073,pw3073
thread3074,pw3074
thread3075,pw3075
thread3076,pw3076
thread3077,pw3077
thread3078,pw3078
thread3079,pw3079
thread3080,pw3080
thread3081,pw3081
thread3082,pw3082
thread3083,pw3083
thread3084,pw3084
thread3085,pw3085
thread3086,pw3086
thread3087,pw3087
thread3088,pw3088
thread3089,pw3089
thread3090,pw3090
thread3091,pw3091
thread3092,pw3092
thread3093,pw3093
thread3094,pw3094
thread3095,pw3095
thread3096,pw3096
thread3097,pw3097
thread3098,pw3098
thread3099,pw3099
thread3100,pw3100
thread3101,pw3101
thread3102,pw3102
thread3103,pw3103
thread3104,pw3104
thread3105,pw3105
thread3106,pw3106
thread3107,pw3107
thread3108,pw3108
thread3109,pw3109
thread3110,pw3110
thread3111,pw3111
thread3112,pw3112
thread3113,pw3113
thread3114,pw3114
thread3115,pw3115
thread3116,pw3116
thread3117,pw3117
thread3118,pw3118
thread3119,pw3119
thread3120,pw3120
thread3121,pw3121
thread3122,pw3122
thread3123,pw3123
thread3124,pw3124
thread3125,pw3125
thread3126,pw3126
thread3127,pw3127
thread3128,pw3128
thread3129,pw3129
thread3130,pw3130
thread3131,pw3131
thread3132,pw3132
thread3133,pw3133
thread3134,pw3134
thread3135,pw3135
thread3136,pw3136
thread3137,pw3137
thread3138,pw3138
thread3139,pw3139
thread3140,pw3140
thread3141,pw3141
thread3142,pw3142
thread3143,pw3143
thread3144,pw3144
thread3145,pw3145
thread3146,pw3146
thread3147,pw3147
thread3148,pw3148
thread3149,pw3149
thread3150,pw3150
thread3151,pw3151
thread3152,pw3152
thread3153,pw3153
thread3154,pw3154
thread3155,pw3155
thread3156,pw3156
thread3157,pw3157
thread3158,pw3158
thread3159,pw3159
thread3160,pw3160
thread3161,pw3161
thread3162,pw3162
thread3163,pw3163
thread3164,pw3164
thread3165,pw3165
thread3166,pw3166
thread3167,pw3167
thread3168,pw3168
thread3169,pw3169
thread3170,pw3170
thread3171,pw3171
thread3172,pw3172
thread3173,pw3173
thread3174,pw3174
thread3175,pw3175
thread3176,pw3176
thread3177,pw3177
thread3178,pw3178
thread3179,pw3179
thread3180,pw3180
thread3181,pw3181
thread3182,pw3182
thread3183,pw3183
thread3184,pw3184
thread3185,pw3185
thread3186,pw3186
thread3187,pw3187
thread3188,pw3188
thread3189,pw3189
thread3190,pw3190
thread3191,pw3191
thread3192,pw3192
thread3193,pw3193
thread3194,pw3194
thread3195,pw3195
thread3196,pw3196
thread3197,pw3197
thread3198,pw3198
thread3199,pw3199
thread3200,pw3200
thread3201,pw3201
thread3202,pw3202
thread3203,pw3203
thread3204,pw3204
thread3205,pw3205
thread3206,pw3206
thread3207,pw3207
thread3208,pw3208
thread3209,pw3209
thread3210,pw3210
thread3211,pw3211
thread3212,pw3212
thread3213,pw3213
thread3214,pw3214
thread3215,pw3215
thread3216,pw3216
thread3217,pw3217
thread3218,pw3218
thread3219,pw3219
thread3220,pw3220
thread3221,pw3221
thread3222,pw3222
thread3223,pw3223
thread3224,pw3224
thread3225,pw3225
thread3226,pw3226
thread3227,pw3227
thread3228,pw3228
thread3229,pw3229
thread3230,pw3230
thread3231,pw3231
thread3232,pw3232
thread3233,pw3233
thread3234,pw3234
thread3235,pw3235
thread3236,pw3236
thread3237,pw3237
thread3238,pw3238
thread3239,pw3239
thread3240,pw3240
thread3241,pw3241
thread3242,pw3242
thread3243,pw3243
thread3244,pw3244
thread3245,pw3245
thread3246,pw3246
thread3247,pw3247
thread3248,pw3248
thread3249,pw3249
thread3250,pw3250
thread3251,pw3251
thread3252,pw3252
thread3253,pw3253
thread3254,pw3254
thread3255,pw3255
thread3256,pw3256
thread3257,pw3257
thread3258,pw3258
thread3259,pw3259
thread3260,pw3260
thread3261,pw3261
thread3262,pw3262
thread3263,pw3263
thread3264,pw3264
thread3265,pw3265
thread3266,pw3266
thread3267,pw3267
thread3268,pw3268
thread3269,pw3269
thread3270,pw3270
thread3271,pw3271
thread3272,pw3272
thread3273,pw3273
thread3274,pw3274
thread3275,pw3275
thread3276,pw3276
thread3277,pw3277
thread3278,pw3278
thread3279,pw3279
thread3280,pw3280
thread3281,pw3281
thread3282,pw3282
thread3283,pw3283
thread3284,pw3284
thread3285,pw3285
thread3286,pw3286
thread3287,pw3287
thread3288,pw3288
thread3289,pw3289
thread3290,pw3290
thread3291,pw3291
thread3292,pw3292
thread3293,pw3293
thread3294,pw3294
thread3295,pw3295
thread3296,pw3296
thread3297,pw3297
thread3298,pw3298
thread3299,pw3299
thread3300,pw3300
thread3301,pw3301
thread3302,pw3302
thread3303,pw3303
thread3304,pw3304
thread3305,pw3305
thread3306,pw3306
thread3307,pw3307
thread3308,pw3308
thread3309,pw3309
thread3310,pw3310
thread3311,pw3311
thread3312,pw3312
thread3313,pw3313
thread3314,pw3314
thread3315,pw3315
thread3316,pw3316
thread3317,pw3317
thread3318,pw3318
thread3319,pw3319
thread3320,pw3320
thread3321,pw3321
thread3322,pw3322
thread3323,pw3323
thread3324,pw3324
thread3325,pw3325
thread3326,pw3326
thread3327,pw3327
thread3328,pw3328
thread3329,pw3329
thread3330,pw3330
thread3331,pw3331
thread3332,pw3332
thread3333,pw3333
thread3334,pw3334
thread3335,pw3335
thread3336,pw3336
thread3337,pw3337
thread3338,pw3338
thread3339,pw3339
thread3340,pw3340
thread3341,pw3341
thread3342,pw3342
thread3343,pw3343
thread3344,pw3344
thread3345,pw3345
thread3346,pw3346
thread3347,pw3347
thread3348,pw3348
thread3349,pw3349
thread3350,pw3350
thread3351,pw3351
thread3352,pw3352
thread3353,pw3353
thread3354,pw3354
thread3355,pw3355
thread3356,pw3356
thread3357,pw3357
thread3358,pw3358
thread3359,pw3359
thread3360,pw3360
thread3361,pw3361
thread3362,pw3362
thread3363,pw3363
thread3364,pw3364
thread3365,pw3365
thread3366,pw3366
thread3367,pw3367
thread3368,pw3368
thread3369,pw3369
thread3370,pw3370
thread3371,pw3371
thread3372,pw3372
thread3373,pw3373
thread3374,pw3374
thread3375,pw3375
thread3376,pw3376
thread3377,pw3377
thread3378,pw3378
thread3379,pw3379
thread3380,pw3380
thread3381,pw3381
thread3382,pw3382
thread3383,pw3383
thread3384,pw3384
thread3385,pw3385
thread3386,pw3386
thread3387,pw3387
thread3388,pw3388
thread3389,pw3389
thread3390,pw3390
thread3391,pw3391
thread3392,pw3392
thread3393,pw3393
thread3394,pw3394
thread3395,pw3395
thread3396,pw3396
thread3397,pw3397
thread3398,pw3398
thread3399,pw3399
thread3400,pw3400
thread3401,pw3401
thread3402,pw3402
thread3403,pw3403
thread3404,pw3404
thread3405,pw3405
thread3406,pw3406
thread3407,pw3407
thread3408,pw3408
thread3409,pw3409
thread3410,pw3410
thread3411,pw3411
thread3412,pw3412
thread3413,pw3413
thread3414,pw3414
thread3415,pw3415
thread3416,pw3416
thread3417,pw3417
thread3418,pw3418
thread3419,pw3419
thread3420,pw3420
thread3421,pw3421
thread3422,pw3422
thread3423,pw3423
thread3424,pw3424
thread3425,pw3425
thread3426,pw3426
thread3427,pw3427
thread3428,pw3428
thread3429,pw3429
thread3430,pw3430
thread3431,pw3431
thread3432,pw3432
thread3433,pw3433
thread3434,pw3434
thread3435,pw3435
thread3436,pw3436
thread3437,pw3437
thread3438,pw3438
thread3439,pw3439
thread3440,pw3440
thread3441,pw3441
thread3442,pw3442
thread3443,pw3443
thread3444,pw3444
thread3445,pw3445
thread3446,pw3446
thread3447,pw3447
thread3448,pw3448
thread3449,pw3449
thread3450,pw3450
thread3451,pw3451
thread3452,pw3452
thread3453,pw3453
thread3454,pw3454
thread3455,pw3455
thread3456,pw3456
thread3457,pw3457
thread3458,pw3458
thread3459,pw3459
thread3460,pw3460
thread3461,pw3461
thread3462,pw3462
thread3463,pw3463
thread3464,pw3464
thread3465,pw3465
thread3466,pw3466
thread3467,pw3467
thread3468,pw3468
thread3469,pw3469
thread3470,pw3470
thread3471,pw3471
thread3472,pw3472
thread3473,pw3473
thread3474,pw3474
thread3475,pw3475
thread3476,pw3476
thread3477,pw3477
thread3478,pw3478
thread3479,pw3479
thread3480,pw3480
thread3481,pw3481
thread3482,pw3482
thread3483,pw3483
thread3484,pw3484
thread3485,pw3485
thread3486,pw3486
thread3487,pw3487
thread3488,pw3488
thread3489,pw3489
thread3490,pw3490
thread3491,pw3491
thread3492,pw3492
thread3493,pw3493
thread3494,pw3494
thread3495,pw3495
thread3496,pw3496
thread3497,pw3497
thread3498,pw3498
thread3499,pw3499
thread3500,pw3500
thread3501,pw3501
thread3502,pw3502
thread3503,pw3503
thread3504,pw3504
thread3505,pw3505
thread3506,pw3506
thread3507,pw3507
thread3508,pw3508
thread3509,pw3509
thread3510,pw3510
thread3511,pw3511
thread3512,pw3512
thread3513,pw3513
thread3514,pw3514
thread3515,pw3515
thread3516,pw3516
thread3517,pw3517
thread3518,pw3518
thread3519,pw3519
thread3520,pw3520
thread3521,pw3521
thread3522,pw3522
thread3523,pw3523
thread3524,pw3524
thread3525,pw3525
thread3526,pw3526
thread3527,pw3527
thread3528,pw3528
thread3529,pw3529
thread3530,pw3530
thread3531,pw3531
thread3532,pw3532
thread3533,pw3533
thread3534,pw3534
thread3535,pw3535
thread3536,pw3536
thread3537,pw3537
thread3538,pw3538
thread3539,pw3539
thread3540,pw3540
thread3541,pw3541
thread3542,pw3542
thread3543,pw3543
thread3544,pw3544
thread3545,pw3545
thread3546,pw3546
thread3547,pw3547
thread3548,pw3548
thread3549,pw3549
thread3550,pw3550
thread3551,pw3551
thread3552,pw3552
thread3553,pw3553
thread3554,pw3554
thread3555,pw3555
thread3556,pw3556
thread3557,pw3557
thread3558,pw3558
thread3559,pw3559
thread3560,pw3560
thread3561,pw3561
thread3562,pw3562
thread3563,pw3563
thread3564,pw3564
thread3565,pw3565
thread3566,pw3566
thread3567,pw3567
thread3568,pw3568
thread3569,pw3569
thread3570,pw3570
thread3571,pw3571
thread3572,pw3572
thread3573,pw3573
thread3574,pw3574
thread3575,pw3575
thread3576,pw3576
thread3577,pw3577
thread3578,pw3578
thread3579,pw3579
thread3580,pw3580
thread3581,pw3581
thread3582,pw3582
thread3583,pw3583
thread3584,pw3584
thread3585,pw3585
thread3586,pw3586
thread3587,pw3587
thread3588,pw3588
thread3589,pw3589
thread3590,pw3590
thread3591,pw3591
thread3592,pw3592
thread3593,pw3593
thread3594,pw3594
thread3595,pw3595
thread3596,pw3596
thread3597,pw3597
thread3598,pw3598
thread3599,pw3599
thread3600,pw3600
thread3601,pw3601
thread3602,pw3602
thread3603,pw3603
thread3604,pw3604
thread3605,pw3605
thread3606,pw3606
thread3607,pw3607
thread3608,pw3608
thread3609,pw3609
thread3610,pw3610
thread3611,pw3611
thread3612,pw3612
thread3613,pw3613
thread3614,pw3614
thread3615,pw3615
thread3616,pw3616
thread3617,pw3617
thread3618,pw3618
thread3619,pw3619
thread3620,pw3620
thread3621,pw3621
thread3622,pw3622
thread3623,pw3623
thread3624,pw3624
thread3625,pw3625
thread3626,pw3626
thread3627,pw3627
thread3628,pw3628
thread3629,pw3629
thread3630,pw3630
thread3631,pw3631
thread3632,pw3632
thread3633,pw3633
thread3634,pw3634
thread3635,pw3635
thread3636,pw3636
thread3637,pw3637
thread3638,pw3638
thread3639,pw3639
thread3640,pw3640
thread3641,pw3641
thread3642,pw3642
thread3643,pw3643
thread3644,pw3644
thread3645,pw3645
thread3646,pw3646
thread3647,pw3647
thread3648,pw3648
thread3649,pw3649
thread3650,pw3650
thread3651,pw3651
thread3652,pw3652
thread3653,pw3653
thread3654,pw3654
thread3655,pw3655
thread3656,pw3656
thread3657,pw3657
thread3658,pw3658
thread3659,pw3659
thread3660,pw3660
thread3661,pw3661
thread3662,pw3662
thread3663,pw3663
thread3664,pw3664
thread3665,pw3665
thread3666,pw3666
thread3667,pw3667
thread3668,pw3668
thread3669,pw3669
thread3670,pw3670
thread3671,pw3671
thread3672,pw3672
thread3673,pw3673
thread3674,pw3674
thread3675,pw3675
thread3676,pw3676
thread3677,pw3677
thread3678,pw3678
thread3679,pw3679
thread3680,pw3680
thread3681,pw3681
thread3682,pw3682
thread3683,pw3683
thread3684,pw3684
thread3685,pw3685
thread3686,pw3686
thread3687,pw3687
thread3688,pw3688
thread3689,pw3689
thread3690,pw3690
thread3691,pw3691
thread3692,pw3692
thread3693,pw3693
thread3694,pw3694
thread3695,pw3695
thread3696,pw3696
thread3697,pw3697
thread3698,pw3698
thread3699,pw3699
thread3700,pw3700
thread3701,pw3701
thread3702,pw3702
thread3703,pw3703
thread3704,pw3704
thread3705,pw3705
thread3706,pw3706
thread3707,pw3707
thread3708,pw3708
thread3709,pw3709
thread3710,pw3710
thread3711,pw3711
thread3712,pw3712
thread3713,pw3713
thread3714,pw3714
thread3715,pw3715
thread3716,pw3716
thread3717,pw3717
thread3718,pw3718
thread3719,pw3719
thread3720,pw3720
thread3721,pw3721
thread3722,pw3722
thread3723,pw3723
thread3724,pw3724
thread3725,pw3725
thread3726,pw3726
thread3727,pw3727
thread3728,pw3728
thread3729,pw3729
thread3730,pw3730
thread3731,pw3731
thread3732,pw3732
thread3733,pw3733
thread3734,pw3734
thread3735,pw3735
thread3736,pw3736
thread3737,pw3737
thread3738,pw3738
thread3739,pw3739
thread3740,pw3740
thread3741,pw3741
thread3742,pw3742
thread3743,pw3743
thread3744,pw3744
thread3745,pw3745
thread3746,pw3746
thread3747,pw3747
thread3748,pw3748
thread3749,pw3749
thread3750,pw3750
thread3751,pw3751
thread3752,pw3752
thread3753,pw3753
thread3754,pw3754
thread3755,pw3755
thread3756,pw3756
thread3757,pw3757
thread3758,pw3758
thread3759,pw3759
thread3760,pw3760
thread3761,pw3761
thread3762,pw3762
thread3763,pw3763
thread3764,pw3764
thread3765,pw3765
thread3766,pw3766
thread3767,pw3767
thread3768,pw3768
thread3769,pw3769
thread3770,pw3770
thread3771,pw3771
thread3772,pw3772
thread3773,pw3773
thread3774,pw3774
thread3775,pw3775
thread3776,pw3776
thread3777,pw3777
thread3778,pw3778
thread3779,pw3779
thread3780,pw3780
thread3781,pw3781
thread3782,pw3782
thread3783,pw3783
thread3784,pw3784
thread3785,pw3785
thread3786,pw3786
thread3787,pw3787
thread3788,pw3788
thread3789,pw3789
thread3790,pw3790
thread3791,pw3791
thread3792,pw3792
thread3793,pw3793
thread3794,pw3794
thread3795,pw3795
thread3796,pw3796
thread3797,pw3797
thread3798,pw3798
thread3799,pw3799
thread3800,pw3800
thread3801,pw3801
thread3802,pw3802
thread3803,pw3803
thread3804,pw3804
thread3805,pw3805
thread3806,pw3806
thread3807,pw3807
thread3808,pw3808
thread3809,pw3809
thread3810,pw3810
thread3811,pw3811
thread3812,pw3812
thread3813,pw3813
thread3814,pw3814
thread3815,pw3815
thread3816,pw3816
thread3817,pw3817
thread3818,pw3818
thread3819,pw3819
thread3820,pw3820
thread3821,pw3821
thread3822,pw3822
thread3823,pw3823
thread3824,pw3824
thread3825,pw3825
thread3826,pw3826
thread3827,pw3827
thread3828,pw3828
thread3829,pw3829
thread3830,pw3830
thread3831,pw3831
thread3832,pw3832
thread3833,pw3833
thread3834,pw3834
thread3835,pw3835
thread3836,pw3836
thread3837,pw3837
thread3838,pw3838
thread3839,pw3839
thread3840,pw3840
thread3841,pw3841
thread3842,pw3842
thread3843,pw3843
thread3844,pw3844
thread3845,pw3845
thread3846,pw3846
thread3847,pw3847
thread3848,pw3848
thread3849,pw3849
thread3850,pw3850
thread3851,pw3851
thread3852,pw3852
thread3853,pw3853
thread3854,pw3854
thread3855,pw3855
thread3856,pw3856
thread3857,pw3857
thread3858,pw3858
thread3859,pw3859
thread3860,pw3860
thread3861,pw3861
thread3862,pw3862
thread3863,pw3863
thread3864,pw3864
thread3865,pw3865
thread3866,pw3866
thread3867,pw3867
thread3868,pw3868
thread3869,pw3869
thread3870,pw3870
thread3871,pw3871
thread3872,pw3872
thread3873,pw3873
thread3874,pw3874
thread3875,pw3875
thread3876,pw3876
thread3877,pw3877
thread3878,pw3878
thread3879,pw3879
thread3880,pw3880
thread3881,pw3881
thread3882,pw3882
thread3883,pw3883
thread3884,pw3884
thread3885,pw3885
thread3886,pw3886
thread3887,pw3887
thread3888,pw3888
thread3889,pw3889
thread3890,pw3890
thread3891,pw3891
thread3892,pw3892
thread3893,pw3893
thread3894,pw3894
thread3895,pw3895
thread3896,pw3896
thread3897,pw3897
thread3898,pw3898
thread3899,pw3899
thread3900,pw3900
thread3901,pw3901
thread3902,pw3902
thread3903,pw3903
thread3904,pw3904
thread3905,pw3905
thread3906,pw3906
thread3907,pw3907
thread3908,pw3908
thread3909,pw3909
thread3910,pw3910
thread3911,pw3911
thread3912,pw3912
thread3913,pw3913
thread3914,pw3914
thread3915,pw3915
thread3916,pw3916
thread3917,pw3917
thread3918,pw3918
thread3919,pw3919
thread3920,pw3920
thread3921,pw3921
thread3922,pw3922
thread3923,pw3923
thread3924,pw3924
thread3925,pw3925
thread3926,pw3926
thread3927,pw3927
thread3928,pw3928
thread3929,pw3929
thread3930,pw3930
thread3931,pw3931
thread3932,pw3932
thread3933,pw3933
thread3934,pw3934
thread3935,pw3935
thread3936,pw3936
thread3937,pw3937
thread3938,pw3938
thread3939,pw3939
thread3940,pw3940
thread3941,pw3941
thread3942,pw3942
thread3943,pw3943
thread3944,pw3944
thread3945,pw3945
thread3946,pw3946
thread3947,pw3947
thread3948,pw3948
thread3949,pw3949
thread3950,pw3950
thread3951,pw3951
thread3952,pw3952
thread3953,pw3953
thread3954,pw3954
thread3955,pw3955
thread3956,pw3956
thread3957,pw3957
thread3958,pw3958
thread3959,pw3959
thread3960,pw3960
thread3961,pw3961
thread3962,pw3962
thread3963,pw3963
thread3964,pw3964
thread3965,pw3965
thread3966,pw3966
thread3967,pw3967
thread3968,pw3968
thread3969,pw3969
thread3970,pw3970
thread3971,pw3971
thread3972,pw3972
thread3973,pw3973
thread3974,pw3974
thread3975,pw3975
thread3976,pw3976
thread3977,pw3977
thread3978,pw3978
thread3979,pw3979
thread3980,pw3980
thread3981,pw3981
thread3982,pw3982
thread3983,pw3983
thread3984,pw3984
thread3985,pw3985
thread3986,pw3986
thread3987,pw3987
thread3988,pw3988
thread3989,pw3989
thread3990,pw3990
thread3991,pw3991
thread3992,pw3992
thread3993,pw3993
thread3994,pw3994
thread3995,pw3995
thread3996,pw3996
thread3997,pw3997
thread3998,pw3998
thread3999,pw3999
thread4000,pw4000
thread4001,pw4001
thread4002,pw4002
thread4003,pw4003
thread4004,pw4004
thread4005,pw4005
thread4006,pw4006
thread4007,pw4007
thread4008,pw4008
thread4009,pw4009
thread4010,pw4010
thread4011,pw4011
thread4012,pw4012
thread4013,pw4013
thread4014,pw4014
thread4015,pw4015
thread4016,pw4016
thread4017,pw4017
thread4018,pw4018
thread4019,pw4019
thread4020,pw4020
thread4021,pw4021
thread4022,pw4022
thread4023,pw4023
thread4024,pw4024
thread4025,pw4025
thread4026,pw4026
thread4027,pw4027
thread4028,pw4028
thread4029,pw4029
thread4030,pw4030
thread4031,pw4031
thread4032,pw4032
thread4033,pw4033
thread4034,pw4034
thread4035,pw4035
thread4036,pw4036
thread4037,pw4037
thread4038,pw4038
thread4039,pw4039
thread4040,pw4040
thread4041,pw4041
thread4042,pw4042
thread4043,pw4043
thread4044,pw4044
thread4045,pw4045
thread4046,pw4046
thread4047,pw4047
thread4048,pw4048
thread4049,pw4049
thread4050,pw4050
thread4051,pw4051
thread4052,pw4052
thread4053,pw4053
thread4054,pw4054
thread4055,pw4055
thread4056,pw4056
thread4057,pw4057
thread4058,pw4058
thread4059,pw4059
thread4060,pw4060
thread4061,pw4061
thread4062,pw4062
thread4063,pw4063
thread4064,pw4064
thread4065,pw4065
thread4066,pw4066
thread4067,pw4067
thread4068,pw4068
thread4069,pw4069
thread4070,pw4070
thread4071,pw4071
thread4072,pw4072
thread4073,pw4073
thread4074,pw4074
thread4075,pw4075
thread4076,pw4076
thread4077,pw4077
thread4078,pw4078
thread4079,pw4079
thread4080,pw4080
thread4081,pw4081
thread4082,pw4082
thread4083,pw4083
thread4084,pw4084
thread4085,pw4085
thread4086,pw4086
thread4087,pw4087
thread4088,pw4088
thread4089,pw4089
thread4090,pw4090
thread4091,pw4091
thread4092,pw4092
thread4093,pw4093
thread4094,pw4094
thread4095,pw4095
thread4096,pw4096
thread4097,pw4097
thread4098,pw4098
thread4099,pw4099
thread4100,pw4100
thread4101,pw4101
thread4102,pw4102
thread4103,pw4103
thread4104,pw4104
thread4105,pw4105
thread4106,pw4106
thread4107,pw4107
thread4108,pw4108
thread4109,pw4109
thread4110,pw4110
thread4111,pw4111
thread4112,pw4112
thread4113,pw4113
thread4114,pw4114
thread4115,pw4115
thread4116,pw4116
thread4117,pw4117
thread4118,pw4118
thread4119,pw4119
thread4120,pw4120
thread4121,pw4121
thread4122,pw4122
thread4123,pw4123
thread4124,pw4124
thread4125,pw4125
thread4126,pw4126
thread4127,pw4127
thread4128,pw4128
thread4129,pw4129
thread4130,pw4130
thread4131,pw4131
thread4132,pw4132
thread4133,pw4133
thread4134,pw4134
thread4135,pw4135
thread4136,pw4136
thread4137,pw4137
thread4138,pw4138
thread4139,pw4139
thread4140,pw4140
thread4141,pw4141
thread4142,pw4142
thread4143,pw4143
thread4144,pw4144
thread4145,pw4145
thread4146,pw4146
thread4147,pw4147
thread4148,pw4148
thread4149,pw4149
thread4150,pw4150
thread4151,pw4151
thread4152,pw4152
thread4153,pw4153
thread4154,pw4154
thread4155,pw4155
thread4156,pw4156
thread4157,pw4157
thread4158,pw4158
thread4159,pw4159
thread4160,pw4160
thread4161,pw4161
thread4162,pw4162
thread4163,pw4163
thread4164,pw4164
thread4165,pw4165
thread4166,pw4166
thread4167,pw4167
thread4168,pw4168
thread4169,pw4169
thread4170,pw4170
thread4171,pw4171
thread4172,pw4172
thread4173,pw4173
thread4174,pw4174
thread4175,pw4175
thread4176,pw4176
thread4177,pw4177
thread4178,pw4178
thread4179,pw4179
thread4180,pw4180
thread4181,pw4181
thread4182,pw4182
thread4183,pw4183
thread4184,pw4184
thread4185,pw4185
thread4186,pw4186
thread4187,pw4187
thread4188,pw4188
thread4189,pw4189
thread4190,pw4190
thread4191,pw4191
thread4192,pw4192
thread4193,pw4193
thread4194,pw4194
thread4195,pw4195
thread4196,pw4196
thread4197,pw4197
thread4198,pw4198
thread4199,pw4199
thread4200,pw4200
thread4201,pw4201
thread4202,pw4202
thread4203,pw4203
thread4204,pw4204
thread4205,pw4205
thread4206,pw4206
thread4207,pw4207
thread4208,pw4208
thread4209,pw4209
thread4210,pw4210
thread4211,pw4211
thread4212,pw4212
thread4213,pw4213
thread4214,pw4214
thread4215,pw4215
thread4216,pw4216
thread4217,pw4217
thread4218,pw4218
thread4219,pw4219
thread4220,pw4220
thread4221,pw4221
thread4222,pw4222
thread4223,pw4223
thread4224,pw4224
thread4225,pw4225
thread4226,pw4226
thread4227,pw4227
thread4228,pw4228
thread4229,pw4229
thread4230,pw4230
thread4231,pw4231
thread4232,pw4232
thread4233,pw4233
thread4234,pw4234
thread4235,pw4235
thread4236,pw4236
thread4237,pw4237
thread4238,pw4238
thread4239,pw4239
thread4240,pw4240
thread4241,pw4241
thread4242,pw4242
thread4243,pw4243
thread4244,pw4244
thread4245,pw4245
thread4246,pw4246
thread4247,pw4247
thread4248,pw4248
thread4249,pw4249
thread4250,pw4250
thread4251,pw4251
thread4252,pw4252
thread4253,pw4253
thread4254,pw4254
thread4255,pw4255
thread4256,pw4256
thread4257,pw4257
thread4258,pw4258
thread4259,pw4259
thread4260,pw4260
thread4261,pw4261
thread4262,pw4262
thread4263,pw4263
thread4264,pw4264
thread4265,pw4265
thread4266,pw4266
thread4267,pw4267
thread4268,pw4268
thread4269,pw4269
thread4270,pw4270
thread4271,pw4271
thread4272,pw4272
thread4273,pw4273
thread4274,pw4274
thread4275,pw4275
thread4276,pw4276
thread4277,pw4277
thread4278,pw4278
thread4279,pw4279
thread4280,pw4280
thread4281,pw4281
thread4282,pw4282
thread4283,pw4283
thread4284,pw4284
thread4285,pw4285
thread4286,pw4286
thread4287,pw4287
thread4288,pw4288
thread4289,pw4289
thread4290,pw4290
thread4291,pw4291
thread4292,pw4292
thread4293,pw4293
thread4294,pw4294
thread4295,pw4295
thread4296,pw4296
thread4297,pw4297
thread4298,pw4298
thread4299,pw4299
thread4300,pw4300
thread4301,pw4301
thread4302,pw4302
thread4303,pw4303
thread4304,pw4304
thread4305,pw4305
thread4306,pw4306
thread4307,pw4307
thread4308,pw4308
thread4309,pw4309
thread4310,pw4310
thread4311,pw4311
thread4312,pw4312
thread4313,pw4313
thread4314,pw4314
thread4315,pw4315
thread4316,pw4316
thread4317,pw4317
thread4318,pw4318
thread4319,pw4319
thread4320,pw4320
thread4321,pw4321
thread4322,pw4322
thread4323,pw4323
thread4324,pw4324
thread4325,pw4325
thread4326,pw4326
thread4327,pw4327
thread4328,pw4328
thread4329,pw4329
thread4330,pw4330
thread4331,pw4331
thread4332,pw4332
thread4333,pw4333
thread4334,pw4334
thread4335,pw4335
thread4336,pw4336
thread4337,pw4337
thread4338,pw4338
thread4339,pw4339
thread4340,pw4340
thread4341,pw4341
thread4342,pw4342
thread4343,pw4343
thread4344,pw4344
thread4345,pw4345
thread4346,pw4346
thread4347,pw4347
thread4348,pw4348
thread4349,pw4349
thread4350,pw4350
thread4351,pw4351
thread4352,pw4352
thread4353,pw4353
thread4354,pw4354
thread4355,pw4355
thread4356,pw4356
thread4357,pw4357
thread4358,pw4358
thread4359,pw4359
thread4360,pw4360
thread4361,pw4361
thread4362,pw4362
thread4363,pw4363
thread4364,pw4364
thread4365,pw4365
thread4366,pw4366
thread4367,pw4367
thread4368,pw4368
thread4369,pw4369
thread4370,pw4370
thread4371,pw4371
thread4372,pw4372
thread4373,pw4373
thread4374,pw4374
thread4375,pw4375
thread4376,pw4376
thread4377,pw4377
thread4378,pw4378
thread4379,pw4379
thread4380,pw4380
thread4381,pw4381
thread4382,pw4382
thread4383,pw4383
thread4384,pw4384
thread4385,pw4385
thread4386,pw4386
thread4387,pw4387
thread4388,pw4388
thread4389,pw4389
thread4390,pw4390
thread4391,pw4391
thread4392,pw4392
thread4393,pw4393
thread4394,pw4394
thread4395,pw4395
thread4396,pw4396
thread4397,pw4397
thread4398,pw4398
thread4399,pw4399
thread4400,pw4400
thread4401,pw4401
thread4402,pw4402
thread4403,pw4403
thread4404,pw4404
thread4405,pw4405
thread4406,pw4406
thread4407,pw4407
thread4408,pw4408
thread4409,pw4409
thread4410,pw4410
thread4411,pw4411
thread4412,pw4412
thread4413,pw4413
thread4414,pw4414
thread4415,pw4415
thread4416,pw4416
thread4417,pw4417
thread4418,pw4418
thread4419,pw4419
thread4420,pw4420
thread4421,pw4421
thread4422,pw4422
thread4423,pw4423
thread4424,pw4424
thread4425,pw4425
thread4426,pw4426
thread4427,pw4427
thread4428,pw4428
thread4429,pw4429
thread4430,pw4430
thread4431,pw4431
thread4432,pw4432
thread4433,pw4433
thread4434,pw4434
thread4435,pw4435
thread4436,pw4436
thread4437,pw4437
thread4438,pw4438
thread4439,pw4439
thread4440,pw4440
thread4441,pw4441
thread4442,pw4442
thread4443,pw4443
thread4444,pw4444
thread4445,pw4445
thread4446,pw4446
thread4447,pw4447
thread4448,pw4448
thread4449,pw4449
thread4450,pw4450
thread4451,pw4451
thread4452,pw4452
thread4453,pw4453
thread4454,pw4454
thread4455,pw4455
thread4456,pw4456
thread4457,pw4457
thread4458,pw4458
thread4459,pw4459
thread4460,pw4460
thread4461,pw4461
thread4462,pw4462
thread4463,pw4463
thread4464,pw4464
thread4465,pw4465
thread4466,pw4466
thread4467,pw4467
thread4468,pw4468
thread4469,pw4469
thread4470,pw4470
thread4471,pw4471
thread4472,pw4472
thread4473,pw4473
thread4474,pw4474
thread4475,pw4475
thread4476,pw4476
thread4477,pw4477
thread4478,pw4478
thread4479,pw4479
thread4480,pw4480
thread4481,pw4481
thread4482,pw4482
thread4483,pw4483
thread4484,pw4484
thread4485,pw4485
thread4486,pw4486
thread4487,pw4487
thread4488,pw4488
thread4489,pw4489
thread4490,pw4490
thread4491,pw4491
thread4492,pw4492
thread4493,pw4493
thread4494,pw4494
thread4495,pw4495
thread4496,pw4496
thread4497,pw4497
thread4498,pw4498
thread4499,pw4499
thread4500,pw4500
thread4501,pw4501
thread4502,pw4502
thread4503,pw4503
thread4504,pw4504
thread4505,pw4505
thread4506,pw4506
thread4507,pw4507
thread4508,pw4508
thread4509,pw4509
thread4510,pw4510
thread4511,pw4511
thread4512,pw4512
thread4513,pw4513
thread4514,pw4514
thread4515,pw4515
thread4516,pw4516
thread4517,pw4517
thread4518,pw4518
thread4519,pw4519
thread4520,pw4520
thread4521,pw4521
thread4522,pw4522
thread4523,pw4523
thread4524,pw4524
thread4525,pw4525
thread4526,pw4526
thread4527,pw4527
thread4528,pw4528
thread4529,pw4529
thread4530,pw4530
thread4531,pw4531
thread4532,pw4532
thread4533,pw4533
thread4534,pw4534
thread4535,pw4535
thread4536,pw4536
thread4537,pw4537
thread4538,pw4538
thread4539,pw4539
thread4540,pw4540
thread4541,pw4541
thread4542,pw4542
thread4543,pw4543
thread4544,pw4544
thread4545,pw4545
thread4546,pw4546
thread4547,pw4547
thread4548,pw4548
thread4549,pw4549
thread4550,pw4550
thread4551,pw4551
thread4552,pw4552
thread4553,pw4553
thread4554,pw4554
thread4555,pw4555
thread4556,pw4556
thread4557,pw4557
thread4558,pw4558
thread4559,pw4559
thread4560,pw4560
thread4561,pw4561
thread4562,pw4562
thread4563,pw4563
thread4564,pw4564
thread4565,pw4565
thread4566,pw4566
thread4567,pw4567
thread4568,pw4568
thread4569,pw4569
thread4570,pw4570
thread4571,pw4571
thread4572,pw4572
thread4573,pw4573
thread4574,pw4574
thread4575,pw4575
thread4576,pw4576
thread4577,pw4577
thread4578,pw4578
thread4579,pw4579
thread4580,pw4580
thread4581,pw4581
thread4582,pw4582
thread4583,pw4583
thread4584,pw4584
thread4585,pw4585
thread4586,pw4586
thread4587,pw4587
thread4588,pw4588
thread4589,pw4589
thread4590,pw4590
thread4591,pw4591
thread4592,pw4592
thread4593,pw4593
thread4594,pw4594
thread4595,pw4595
thread4596,pw4596
thread4597,pw4597
thread4598,pw4598
thread4599,pw4599
thread4600,pw4600
thread4601,pw4601
thread4602,pw4602
thread4603,pw4603
thread4604,pw4604
thread4605,pw4605
thread4606,pw4606
thread4607,pw4607
thread4608,pw4608
thread4609,pw4609
thread4610,pw4610
thread4611,pw4611
thread4612,pw4612
thread4613,pw4613
thread4614,pw4614
thread4615,pw4615
thread4616,pw4616
thread4617,pw4617
thread4618,pw4618
thread4619,pw4619
thread4620,pw4620
thread4621,pw4621
thread4622,pw4622
thread4623,pw4623
thread4624,pw4624
thread4625,pw4625
thread4626,pw4626
thread4627,pw4627
thread4628,pw4628
thread4629,pw4629
thread4630,pw4630
thread4631,pw4631
thread4632,pw4632
thread4633,pw4633
thread4634,pw4634
thread4635,pw4635
thread4636,pw4636
thread4637,pw4637
thread4638,pw4638
thread4639,pw4639
thread4640,pw4640
thread4641,pw4641
thread4642,pw4642
thread4643,pw4643
thread4644,pw4644
thread4645,pw4645
thread4646,pw4646
thread4647,pw4647
thread4648,pw4648
thread4649,pw4649
thread4650,pw4650
thread4651,pw4651
thread4652,pw4652
thread4653,pw4653
thread4654,pw4654
thread4655,pw4655
thread4656,pw4656
thread4657,pw4657
thread4658,pw4658
thread4659,pw4659
thread4660,pw4660
thread4661,pw4661
thread4662,pw4662
thread4663,pw4663
thread4664,pw4664
thread4665,pw4665
thread4666,pw4666
thread4667,pw4667
thread4668,pw4668
thread4669,pw4669
thread4670,pw4670
thread4671,pw4671
thread4672,pw4672
thread4673,pw4673
thread4674,pw4674
thread4675,pw4675
thread4676,pw4676
thread4677,pw4677
thread4678,pw4678
thread4679,pw4679
thread4680,pw4680
thread4681,pw4681
thread4682,pw4682
thread4683,pw4683
thread4684,pw4684
thread4685,pw4685
thread4686,pw4686
thread4687,pw4687
thread4688,pw4688
thread4689,pw4689
thread4690,pw4690
thread4691,pw4691
thread4692,pw4692
thread4693,pw4693
thread4694,pw4694
thread4695,pw4695
thread4696,pw4696
thread4697,pw4697
thread4698,pw4698
thread4699,pw4699
thread4700,pw4700
thread4701,pw4701
thread4702,pw4702
thread4703,pw4703
thread4704,pw4704
thread4705,pw4705
thread4706,pw4706
thread4707,pw4707
thread4708,pw4708
thread4709,pw4709
thread4710,pw4710
thread4711,pw4711
thread4712,pw4712
thread4713,pw4713
thread4714,pw4714
thread4715,pw4715
thread4716,pw4716
thread4717,pw4717
thread4718,pw4718
thread4719,pw4719
thread4720,pw4720
thread4721,pw4721
thread4722,pw4722
thread4723,pw4723
thread4724,pw4724
thread4725,pw4725
thread4726,pw4726
thread4727,pw4727
thread4728,pw4728
thread4729,pw4729
thread4730,pw4730
thread4731,pw4731
thread4732,pw4732
thread4733,pw4733
thread4734,pw4734
thread4735,pw4735
thread4736,pw4736
thread4737,pw4737
thread4738,pw4738
thread4739,pw4739
thread4740,pw4740
thread4741,pw4741
thread4742,pw4742
thread4743,pw4743
thread4744,pw4744
thread4745,pw4745
thread4746,pw4746
thread4747,pw4747
thread4748,pw4748
thread4749,pw4749
thread4750,pw4750
thread4751,pw4751
thread4752,pw4752
thread4753,pw4753
thread4754,pw4754
thread4755,pw4755
thread4756,pw4756
thread4757,pw4757
thread4758,pw4758
thread4759,pw4759
thread4760,pw4760
thread4761,pw4761
thread4762,pw4762
thread4763,pw4763
thread4764,pw4764
thread4765,pw4765
thread4766,pw4766
thread4767,pw4767
thread4768,pw4768
thread4769,pw4769
thread4770,pw4770
thread4771,pw4771
thread4772,pw4772
thread4773,pw4773
thread4774,pw4774
thread4775,pw4775
thread4776,pw4776
thread4777,pw4777
thread4778,pw4778
thread4779,pw4779
thread4780,pw4780
thread4781,pw4781
thread4782,pw4782
thread4783,pw4783
thread4784,pw4784
thread4785,pw4785
thread4786,pw4786
thread4787,pw4787
thread4788,pw4788
thread4789,pw4789
thread4790,pw4790
thread4791,pw4791
thread4792,pw4792
thread4793,pw4793
thread4794,pw4794
thread4795,pw4795
thread4796,pw4796
thread4797,pw4797
thread4798,pw4798
thread4799,pw4799
thread4800,pw4800
thread4801,pw4801
thread4802,pw4802
thread4803,pw4803
thread4804,pw4804
thread4805,pw4805
thread4806,pw4806
thread4807,pw4807
thread4808,pw4808
thread4809,pw4809
thread4810,pw4810
thread4811,pw4811
thread4812,pw4812
thread4813,pw4813
thread4814,pw4814
thread4815,pw4815
thread4816,pw4816
thread4817,pw4817
thread4818,pw4818
thread4819,pw4819
thread4820,pw4820
thread4821,pw4821
thread4822,pw4822
thread4823,pw4823
thread4824,pw4824
thread4825,pw4825
thread4826,pw4826
thread4827,pw4827
thread4828,pw4828
thread4829,pw4829
thread4830,pw4830
thread4831,pw4831
thread4832,pw4832
thread4833,pw4833
thread4834,pw4834
thread4835,pw4835
thread4836,pw4836
thread4837,pw4837
thread4838,pw4838
thread4839,pw4839
thread4840,pw4840
thread4841,pw4841
thread4842,pw4842
thread4843,pw4843
thread4844,pw4844
thread4845,pw4845
thread4846,pw4846
thread4847,pw4847
thread4848,pw4848
thread4849,pw4849
thread4850,pw4850
thread4851,pw4851
thread4852,pw4852
thread4853,pw4853
thread4854,pw4854
thread4855,pw4855
thread4856,pw4856
thread4857,pw4857
thread4858,pw4858
thread4859,pw4859
thread4860,pw4860
thread4861,pw4861
thread4862,pw4862
thread4863,pw4863
thread4864,pw4864
thread4865,pw4865
thread4866,pw4866
thread4867,pw4867
thread4868,pw4868
thread4869,pw4869
thread4870,pw4870
thread4871,pw4871
thread4872,pw4872
thread4873,pw4873
thread4874,pw4874
thread4875,pw4875
thread4876,pw4876
thread4877,pw4877
thread4878,pw4878
thread4879,pw4879
thread4880,pw4880
thread4881,pw4881
thread4882,pw4882
thread4883,pw4883
thread4884,pw4884
thread4885,pw4885
thread4886,pw4886
thread4887,pw4887
thread4888,pw4888
thread4889,pw4889
thread4890,pw4890
thread4891,pw4891
thread4892,pw4892
thread4893,pw4893
thread4894,pw4894
thread4895,pw4895
thread4896,pw4896
thread4897,pw4897
thread4898,pw4898
thread4899,pw4899
thread4900,pw4900
thread4901,pw4901
thread4902,pw4902
thread4903,pw4903
thread4904,pw4904
thread4905,pw4905
thread4906,pw4906
thread4907,pw4907
thread4908,pw4908
thread4909,pw4909
thread4910,pw4910
thread4911,pw4911
thread4912,pw4912
thread4913,pw4913
thread4914,pw4914
thread4915,pw4915
thread4916,pw4916
thread4917,pw4917
thread4918,pw4918
thread4919,pw4919
thread4920,pw4920
thread4921,pw4921
thread4922,pw4922
thread4923,pw4923
thread4924,pw4924
thread4925,pw4925
thread4926,pw4926
thread4927,pw4927
thread4928,pw4928
thread4929,pw4929
thread4930,pw4930
thread4931,pw4931
thread4932,pw4932
thread4933,pw4933
thread4934,pw4934
thread4935,pw4935
thread4936,pw4936
thread4937,pw4937
thread4938,pw4938
thread4939,pw4939
thread4940,pw4940
thread4941,pw4941
thread4942,pw4942
thread4943,pw4943
thread4944,pw4944
thread4945,pw4945
thread4946,pw4946
thread4947,pw4947
thread4948,pw4948
thread4949,pw4949
thread4950,pw4950
thread4951,pw4951
thread4952,pw4952
thread4953,pw4953
thread4954,pw4954
thread4955,pw4955
thread4956,pw4956
thread4957,pw4957
thread4958,pw4958
thread4959,pw4959
thread4960,pw4960
thread4961,pw4961
thread4962,pw4962
thread4963,pw4963
thread4964,pw4964
thread4965,pw4965
thread4966,pw4966
thread4967,pw4967
thread4968,pw4968
thread4969,pw4969
thread4970,pw4970
thread4971,pw4971
thread4972,pw4972
thread4973,pw4973
thread4974,pw4974
thread4975,pw4975
thread4976,pw4976
thread4977,pw4977
thread4978,pw4978
thread4979,pw4979
thread4980,pw4980
thread4981,pw4981
thread4982,pw4982
thread4983,pw4983
thread4984,pw4984
thread4985,pw4985
thread4986,pw4986
thread4987,pw4987
thread4988,pw4988
thread4989,pw4989
thread4990,pw4990
thread4991,pw4991
thread4992,pw4992
thread4993,pw4993
thread4994,pw4994
thread4995,pw4995
thread4996,pw4996
thread4997,pw4997
thread4998,pw4998
thread4999,pw4999
thread5000,pw5000
